SSID,BSSID,Capabilities
MyCharterWiFi83-5G,c4:04:15:0e:c0:82,[WPA2-PSK-CCMP][WPS][ESS]
MyCharterWiFi83-2G,c4:04:15:0e:c0:83,[WPA2-PSK-CCMP][WPS][ESS]
NETGEAR59,10:0d:7f:57:cc:1e,[WPA2-PSK-CCMP][WPS][ESS]
MyCharterWiFib2-2G,6c:b0:ce:44:83:b2,[WPA2-PSK-CCMP][WPS][ESS]
Maradona,00:14:6c:20:3b:7c,[WPA2-PSK-CCMP-preauth][ESS]
NETGEAR93,44:94:fc:63:ab:1c,[WPA2-PSK-CCMP][WPS][ESS]
belkin.e12,ec:1a:59:32:be:12,[WPA2-PSK-CCMP][WPS][ESS]
MyCharterWiFicc-2G,e8:fc:af:98:1d:cc,[WPA2-PSK-CCMP][WPS][ESS]
FLORES,94:62:69:52:48:60,[WPA-PSK-CCMP+TKIP][WPA2-PSK-CCMP+TKIP][ESS]
MyCharterWiFib2-5G,6c:b0:ce:44:83:b1,[WPA2-PSK-CCMP][WPS][ESS]
Cisco_10E9513C,bc:c8:10:e9:51:3d,[WPA2-PSK-CCMP][WPS][ESS]
NETGEAR78,6c:b0:ce:3f:94:98,[WPA2-PSK-CCMP][WPS][ESS]
K2C1,ac:22:0b:e8:8c:50,[WPA2-PSK-CCMP][WPS][ESS]
Ilovebeer,28:16:2e:34:54:d1,[WPA-PSK-CCMP+TKIP][WPA2-PSK-CCMP+TKIP][ESS]
MyCharterWiFidb-5G,6c:b0:ce:b5:97:da,[WPA2-PSK-CCMP][WPS][ESS]
HP-Print-30-Officejet 4630,28:80:23:f5:51:30,[WPA2-PSK-CCMP][ESS]
HP-Print-7B-Officejet 6700,9c:b6:54:3e:df:7b,[WPA2-PSK-CCMP][ESS]
TeChNo RaDiO,b4:75:0e:9e:f4:b4,[WPA-PSK-CCMP+TKIP][WPA2-PSK-CCMP+TKIP][WPS][ESS]
NETGEAR70,04:a1:51:ab:7a:e3,[WPA2-PSK-CCMP][WPS][ESS]
TeChNo RaDiO-guest,b4:75:0e:9e:f4:b5,[ESS]
ATT279h8e2,44:e1:37:b2:21:70,[WPA-PSK-CCMP+TKIP][WPA2-PSK-CCMP+TKIP][ESS]
The Neko Network.media,b4:75:0e:27:e6:90,[WPA2-PSK-CCMP][WPS][ESS]
ATTnSPMuTA,94:62:69:65:80:f0,[WPA-PSK-CCMP+TKIP][WPA2-PSK-CCMP+TKIP][ESS]
2WIRE687,00:1d:5a:3f:ea:29,[WPA-PSK-CCMP+TKIP][WPA2-PSK-CCMP+TKIP][ESS]
MyCharterWiFifb-2G,e8:fc:af:98:1e:fb,[WPA2-PSK-CCMP][WPS][ESS]
,0a:12:cf:d5:4c:03,[WPA-PSK-TKIP][ESS]
MyCharterWiFi63-2G,6c:b0:ce:a3:d7:63,[WPA2-PSK-CCMP][WPS][ESS]
belkin.68e.guests,b4:75:0e:27:e6:91,[ESS]
zhzs1973,a0:21:b7:a2:a0:48,[WPA2-PSK-CCMP][WPS][ESS]
MyCharterWiFi29-2G,6c:b0:ce:b6:36:29,[WPA2-PSK-CCMP][WPS][ESS]
NETGEAR93-5G,44:94:fc:63:ab:1e,[WPA2-PSK-CCMP][WPS][ESS]
belkin.fae,08:86:3b:56:ff:ae,[WPA-PSK-CCMP][WPA2-PSK-CCMP][WPS][ESS]
MyCharterWiFi32-2G,6c:b0:ce:32:73:32,[WPA2-PSK-CCMP][WPS][ESS]
A-Blast_FREE_WiFi,06:72:cf:29:65:b5,[ESS]
ATT070,60:fe:20:73:d0:4a,[WPA-PSK-CCMP+TKIP][WPA2-PSK-CCMP+TKIP][ESS]
MyCharterWiFicc-5G,e8:fc:af:98:1d:cb,[WPA2-PSK-CCMP][WPS][ESS]
MyCharterWiFidb-2G,6c:b0:ce:b5:97:db,[WPA2-PSK-CCMP][WPS][ESS]
The Neko Network,b4:75:0e:27:e6:8e,[WPA2-PSK-CCMP][WPS][ESS]
MyCharterWiFifb-5G,e8:fc:af:98:1e:fa,[WPA2-PSK-CCMP][WPS][ESS]
Mischief Managed,b4:75:0e:76:c4:02,[WPA2-PSK-CCMP][WPS][ESS]
RouterIHardlyKnowHer,4c:60:de:46:6c:9a,[WPA2-PSK-CCMP][WPS][ESS]
mobilenet,20:37:06:7c:e8:50,[ESS]
2WIRE690,ac:5d:10:22:62:a9,[WPA-PSK-CCMP+TKIP][WPA2-PSK-CCMP+TKIP][ESS]
belkin.b9c.guests,b6:75:0e:20:8b:9d,[WPS][ESS]
DanaFawaz.media,b4:75:0e:2b:c0:82,[WPA-PSK-CCMP+TKIP][WPA2-PSK-CCMP+TKIP][WPS][ESS]
ELN,d8:50:e6:95:ea:5d,[WPA2-PSK-CCMP][ESS]
MyCharterWiFi7c-5G,e8:fc:af:9f:f8:7b,[WPA2-PSK-CCMP][WPS][ESS]
2WIRE061,ac:5d:10:0e:c3:b1,[WPA-PSK-CCMP+TKIP][WPA2-PSK-CCMP+TKIP][ESS]
MyCharterWiFi93-5G,6c:b0:ce:a7:de:92,[WPA2-PSK-CCMP][WPS][ESS]
whkim7,90:72:40:21:30:0a,[WPA2-PSK-CCMP][ESS]
ATT5V6h6u9,8c:7f:3b:a5:4b:40,[WPA-PSK-CCMP+TKIP][WPA2-PSK-CCMP+TKIP][ESS]
belkin.660,ec:1a:59:9a:f6:60,[WPA2-PSK-CCMP][WPS][ESS]
belkin.e93,ec:1a:59:02:be:93,[WPA-PSK-CCMP][WPA2-PSK-CCMP][WPS][ESS]
MyCharterWiFi93-2G,6c:b0:ce:a7:de:93,[WPA2-PSK-CCMP][WPS][ESS]
MyCharterWiFi45-2G,6c:b0:ce:44:84:45,[WPA2-PSK-CCMP][WPS][ESS]
Hide yo kids hide yo wifi,84:1b:5e:43:43:9a,[WPA2-PSK-CCMP][WPS][ESS]
ATTUZP2PEa,3c:36:e4:f6:2d:70,[WPA-PSK-CCMP+TKIP][WPA2-PSK-CCMP+TKIP][ESS]
belkin.660.guests,ec:1a:59:9a:f6:63,[ESS]
NETGEAR24,04:a1:51:22:56:13,[WPA2-PSK-CCMP][WPS][ESS]
STL,c8:d7:19:60:50:7d,[WPA-PSK-CCMP+TKIP][WPA2-PSK-CCMP+TKIP][WPS][ESS]
SepiaWillow,c8:d7:19:23:d0:a7,[WPA-PSK-TKIP][WPA2-PSK-CCMP][WPS][ESS]
NETGEAR,00:14:6c:9e:e0:ce,[WPA-PSK-TKIP][ESS]
NETGEAR64,44:94:fc:56:5d:e2,[WPA2-PSK-CCMP][WPS][ESS]
NETGEAR24-5G,04:a1:51:22:56:12,[WPA2-PSK-CCMP][WPS][ESS]
NETGEAR40,c4:04:15:1a:9f:cd,[WPA2-PSK-CCMP][WPS][ESS]
TIffany Kathy,14:35:8b:11:7b:a4,[WPA-PSK-CCMP+TKIP][WPA2-PSK-CCMP+TKIP][ESS]
RaciallyDiverseArena,b4:75:0e:a2:23:e9,[WPA-PSK-CCMP+TKIP][WPA2-PSK-CCMP+TKIP][WPS][ESS]
Togepi,2c:b0:5d:43:11:06,[WPS][WEP][ESS]
Cisco35807-guest,ce:d7:19:23:d0:a7,[ESS]
STL-guest,c8:d7:19:60:50:7f,[ESS]
calypso,90:3e:ab:e7:50:a0,[WPA-PSK-CCMP+TKIP][WPA2-PSK-CCMP+TKIP][ESS]
belkin.090,08:86:3b:d7:70:90,[WPA-PSK-CCMP][WPA2-PSK-CCMP][WPS][ESS]
NETGEAR04,6c:b0:ce:40:60:f7,[WPA2-PSK-CCMP][WPS][ESS]
MyCharterWiFi2b,6c:b0:ce:b5:99:2b,[WPA2-PSK-CCMP][WPS][ESS]
chiapet,20:e5:2a:25:3e:10,[WPA2-PSK-CCMP][WPS][ESS]
2WIRE488,00:25:3c:5d:29:a9,[WPA-PSK-CCMP+TKIP][WPA2-PSK-CCMP+TKIP][ESS]
NETGEAR04-5G,6c:b0:ce:40:60:f6,[WPA2-PSK-CCMP][WPS][ESS]
Kaurz91,e8:de:27:96:93:b5,[WPA-PSK-CCMP+TKIP][WPA2-PSK-CCMP+TKIP][WPS][ESS]
belkin.090.5GHz,08:86:3b:d7:70:92,[WPA-PSK-CCMP][WPA2-PSK-CCMP][WPS][ESS]
Wall-E,20:e5:2a:25:3e:11,[WPA2-PSK-CCMP][WPS][ESS]
American Donuts,22:e5:2a:25:3e:12,[WPA2-PSK-CCMP][ESS]
ChiefEnvy-5G,e8:fc:af:9f:f7:fd,[WPA2-PSK-CCMP][WPS][ESS]
J7GX3,00:21:63:5f:74:c6,[WEP][ESS]
2WIRE012,00:25:3c:35:b3:b1,[WPA-PSK-CCMP+TKIP][WPA2-PSK-CCMP+TKIP][ESS]
home mom,00:18:f8:79:4f:16,[WPA-PSK-TKIP][ESS]
MyCharterWiFi1b-5G,e8:fc:af:9b:aa:1a,[WPA2-PSK-CCMP][WPS][ESS]
Cisco_D47058BD,f4:5f:d4:70:58:be,[WPA2-PSK-CCMP][WPS][ESS]
ATT896Q599,8c:7f:3b:39:d9:00,[WPA-PSK-CCMP+TKIP][WPA2-PSK-CCMP+TKIP][ESS]
MyCharterWiFi1b-2G,e8:fc:af:9b:aa:1b,[WPA2-PSK-CCMP][WPS][ESS]
Cisco_9614A0B1,68:ee:96:14:a0:b1,[WPA2-PSK-CCMP][WPS][ESS]
NETGEAR27,84:1b:5e:d9:5b:a8,[WPA2-PSK-CCMP][WPS][ESS]
2WIRE919,28:16:2e:a3:ae:51,[WPA-PSK-CCMP+TKIP][WPA2-PSK-CCMP+TKIP][ESS]
NETGEAR16-5G,6c:b0:ce:3d:df:21,[WPA2-PSK-CCMP][WPS][ESS]
2WIRE799,b0:e7:54:59:c0:79,[WPA-PSK-CCMP+TKIP][WPA2-PSK-CCMP+TKIP][ESS]
NETGEAR89,e8:fc:af:97:c6:83,[WPA2-PSK-CCMP][WPS][ESS]
YEEEE,20:aa:4b:a8:ce:30,[WPA-PSK-CCMP+TKIP][WPA2-PSK-CCMP+TKIP][WPS][ESS]
NETGEAR19-5G,44:94:fc:3b:2b:ad,[WPA2-PSK-CCMP][WPS][ESS]
MyCharterWiFi95-2G,c4:04:15:1f:80:95,[WPA2-PSK-CCMP][WPS][ESS]
2WIRE565,00:22:a4:8d:f4:09,[WPA-PSK-CCMP+TKIP][WPA2-PSK-CCMP+TKIP][ESS]
MyCharterWiFi5b-5G,6c:b0:ce:43:a4:5a,[WPA2-PSK-CCMP][WPS][ESS]
2WIRE328,b8:e6:25:fb:a3:49,[WPA-PSK-CCMP+TKIP][WPA2-PSK-CCMP+TKIP][ESS]
quietwhale,c0:3f:0e:67:4e:f4,[WPA2-PSK-CCMP][WPS][ESS]
2WIRE573,74:9d:dc:cf:cf:d9,[WPA-PSK-CCMP+TKIP][WPA2-PSK-CCMP+TKIP][ESS]
MyCharterWiFi64-2G,08:bd:43:c2:ee:64,[WPA2-PSK-CCMP][WPS][ESS]
CharterWiFie490,2c:b0:5d:e8:72:6f,[WPA2-PSK-CCMP][ESS]
Sugar Tits,00:11:95:79:d2:28,[WPA-PSK-TKIP][ESS]
Efcie_Wireless,e8:94:f6:a3:13:78,[WPA-PSK-CCMP+TKIP][WPA2-PSK-CCMP+TKIP][WPS][ESS]
WiFiRSU_a6d5a,20:10:7a:e8:7b:81,[WPA2-PSK-CCMP][ESS]
Concealed Industries.media,b4:75:0e:24:41:58,[WPA2-PSK-CCMP][WPS][ESS]
CHARTERwifi,04:a1:51:81:8c:f9,[WPA2-PSK-CCMP][WPS][ESS]
NETGEAR12,44:94:fc:7f:5c:e6,[WPA2-PSK-CCMP][ESS]
belkin.586,08:86:3b:f1:55:86,[WPA-PSK-CCMP][WPA2-PSK-CCMP][WPS][ESS]
MyCharterWiFi72-2G,6c:b0:ce:b4:dc:72,[WPA2-PSK-CCMP][WPS][ESS]
NETGEAR16,6c:b0:ce:3d:df:22,[WPA2-PSK-CCMP][WPS][ESS]
ATT939,60:fe:20:1c:3c:ca,[WPA-PSK-CCMP+TKIP][WPA2-PSK-CCMP+TKIP][ESS]
NETGEAR22,04:a1:51:a2:e2:95,[WPA2-PSK-CCMP][WPS][ESS]
MyCharterWiFi72-5G,6c:b0:ce:b4:dc:71,[WPA2-PSK-CCMP][WPS][ESS]
MyCharterWiFi5b-2G,6c:b0:ce:43:a4:5b,[WPA2-PSK-CCMP][WPS][ESS]
2WIRE668,94:c1:50:39:9c:e9,[WPA-PSK-CCMP+TKIP][WPA2-PSK-CCMP+TKIP][ESS]
NETGEAR03,04:a1:51:ab:6d:36,[WPA2-PSK-CCMP][ESS]
NETGEAR03-5G,04:a1:51:ab:6d:38,[WPA2-PSK-CCMP][WPS][ESS]
NETGEAR42,44:94:fc:8d:14:cb,[WPA2-PSK-CCMP][WPS][ESS]
NETGEAR95,84:1b:5e:39:29:ad,[WPA2-PSK-CCMP][WPS][ESS]
MyCharterWiFi73-2G,6c:b0:ce:b7:ad:73,[WPA2-PSK-CCMP][WPS][ESS]
NETGEAR65,04:a1:51:86:52:da,[WPA2-PSK-CCMP][WPS][ESS]
NETGEAR22-5G,04:a1:51:a2:e2:97,[WPA2-PSK-CCMP][WPS][ESS]
MyCharterWiFi6e-2G,6c:b0:ce:44:91:6e,[WPA2-PSK-CCMP][WPS][ESS]
ATT3b4d235,8c:7f:3b:3b:29:c0,[WPA-PSK-CCMP+TKIP][WPA2-PSK-CCMP+TKIP][ESS]
Fblthp,60:fe:20:03:40:8e,[WPA2-PSK-CCMP][ESS]
NETGEAR15,04:a1:51:9b:df:84,[WPA2-PSK-CCMP][WPS][ESS]
ATT623,60:fe:20:09:dc:22,[WPA-PSK-CCMP+TKIP][WPA2-PSK-CCMP+TKIP][ESS]
Minions,ec:1a:59:a5:09:78,[WPA2-PSK-CCMP][WPS][ESS]
MyCharterWiFi45-5G,6c:b0:ce:44:84:44,[WPA2-PSK-CCMP][WPS][ESS]
MyCharterWiFi73-5G,6c:b0:ce:b7:ad:72,[WPA2-PSK-CCMP][WPS][ESS]
NETGEAR10,e4:f4:c6:e6:aa:55,[WPA2-PSK-CCMP][WPS][ESS]
HPE710n.8246E7,02:2a:2a:9f:e5:9d,[IBSS]
Danh's Wi-Fi Network,00:19:e3:fa:dc:6c,[WPA2-PSK-CCMP][ESS]
2WIRE729,00:23:51:17:f3:01,[WPA-PSK-CCMP+TKIP][WPA2-PSK-CCMP+TKIP][ESS]
HP-Print-B0-Officejet 6600,6c:3b:e5:00:af:b0,[WPA2-PSK-CCMP][ESS]
ATT9s3A7g7,dc:45:17:bd:8c:d0,[WPA-PSK-CCMP+TKIP][WPA2-PSK-CCMP+TKIP][ESS]
Beast,ec:1a:59:06:d2:66,[WPA2-PSK-CCMP][WPS][ESS]
HERMOSILLENSE_GUEST,e6:f4:c6:0e:5b:10,[WPA2-PSK-CCMP][ESS]
HERMOSILLENSE,e4:f4:c6:0e:5b:1f,[WPA2-PSK-CCMP][WPS][ESS]
2WIRE300,74:9d:dc:02:c8:01,[WPA-PSK-CCMP+TKIP][WPA2-PSK-CCMP+TKIP][ESS]
Cherry on Top,e4:71:85:10:52:54,[WPA-PSK-CCMP+TKIP][WPA2-PSK-CCMP+TKIP][ESS]
HP-Print-11-Photosmart 5520,d8:9d:67:bd:02:11,[WPA2-PSK-CCMP][ESS]
NETGEAR46-5G,e4:f4:c6:0e:5b:1e,[WPA2-PSK-CCMP][WPS][ESS]
ATT2D6U5n9,8c:7f:3b:5d:b0:90,[WPA-PSK-CCMP+TKIP][WPA2-PSK-CCMP+TKIP][ESS]
MyCharterWiFi02-2G,6c:b0:ce:32:70:02,[WPA2-PSK-CCMP][WPS][ESS]
belkin.1d1,ec:1a:59:a7:d1:d1,[WPA2-PSK-CCMP][WPS][ESS]
NETGEAR00,9c:d3:6d:b1:ac:3a,[WPA2-PSK-CCMP][WPS][ESS]
wadsworth,00:22:3f:32:a6:58,[WPA-PSK-TKIP][ESS]
NETGEAR01,04:a1:51:ab:87:9d,[WPA2-PSK-CCMP][WPS][ESS]
DIRECT-roku-B498EC,dc:3a:5e:46:6d:5b,[WPA2-PSK-CCMP][WPS][ESS]
NETGEAR01-5G,04:a1:51:ab:87:9f,[WPA2-PSK-CCMP][WPS][ESS]
MyCharterWiFi38-2G,04:a1:51:d8:06:38,[WPA2-PSK-CCMP][WPS][ESS]
teammoses,98:fc:11:f3:02:a3,[WPA-PSK-CCMP+TKIP][WPA2-PSK-CCMP+TKIP][WPS][ESS]
ATT9z8Z8y8,8c:7f:3b:49:07:70,[WPA-PSK-CCMP+TKIP][WPA2-PSK-CCMP+TKIP][ESS]
NETGEAR52,04:a1:51:96:c8:07,[WPA2-PSK-CCMP][ESS]
ATT776C8i7,40:b7:f3:48:94:f0,[WPA-PSK-CCMP+TKIP][WPA2-PSK-CCMP+TKIP][ESS]
MyCharterWiFia5-2G,c4:04:15:a1:13:a5,[WPA2-PSK-CCMP][ESS]
DIRECT-roku-2378AE,dc:3a:5e:15:0c:b3,[WPA2-PSK-CCMP][WPS][ESS][P2P]
ATTyxtJ9MS,94:62:69:09:10:d0,[WPA-PSK-CCMP+TKIP][WPA2-PSK-CCMP+TKIP][ESS]
MyCharterWiFi63-5G,6c:b0:ce:a3:d7:62,[WPA2-PSK-CCMP][WPS][ESS]
MyCharterWiFi29-5G,6c:b0:ce:b6:36:28,[WPA2-PSK-CCMP][WPS][ESS]
MyCharterWiFic7-2G,04:a1:51:ba:e4:c7,[WPA2-PSK-CCMP][ESS]
belkin.b9c.media,b4:75:0e:20:8b:9e,[WPA2-PSK-CCMP][WPS][ESS]
ASHKANNETWORK-guest,4e:f8:b3:72:0a:70,[ESS]
Ali&KAF,10:0d:7f:60:66:82,[WPA2-PSK-CCMP][WPS][ESS]
hpsetup,02:24:74:14:ca:13,[IBSS]
SIMAMA,30:46:9a:89:81:43,[WPA-PSK-CCMP+TKIP][WPA2-PSK-CCMP+TKIP][WPS][ESS]
belkin.b9c,b4:75:0e:20:8b:9c,[WPA2-PSK-CCMP][WPS][ESS]
2WIRE137,98:2c:be:f9:f0:51,[WPA-PSK-CCMP+TKIP][WPA2-PSK-CCMP+TKIP][ESS]
WINDWOOD-OFC,00:1e:e5:4c:ec:39,[WPA-PSK-CCMP+TKIP][WPA2-PSK-CCMP+TKIP][WPS][ESS]
ABNOSA,64:66:b3:bc:b7:72,[WPA2-PSK-CCMP][WPS][ESS]
belkin.fae.5GHz,08:86:3b:56:ff:b0,[WPA-PSK-CCMP][WPA2-PSK-CCMP][WPS][ESS]
MyCharterWiFif3-5G,6c:b0:ce:a8:4b:f2,[WPA2-PSK-CCMP][WPS][ESS]
MyCharterWiFif3-2G,6c:b0:ce:a8:4b:f3,[WPA2-PSK-CCMP][WPS][ESS]
qatari,ac:5d:10:9d:74:9a,[WPA-PSK-CCMP+TKIP][WPA2-PSK-CCMP+TKIP][ESS]
Qatar2022,c4:04:15:a6:f0:8f,[WPA2-PSK-CCMP][ESS]
belkin.fae.guests,08:86:3b:56:ff:af,[ESS]
Mr. Internet,58:6d:8f:4c:ee:9e,[WPA-PSK-CCMP+TKIP][WPA2-PSK-CCMP+TKIP][WPS][ESS]
MyCharterWiFi88-5G,04:a1:51:d8:0d:87,[WPA2-PSK-CCMP][WPS][ESS]
MyCharterWiFi88-2G,04:a1:51:d8:0d:88,[WPA2-PSK-CCMP][WPS][ESS]
2WIRE222,74:9d:dc:15:d4:29,[WPA-PSK-CCMP+TKIP][WPA2-PSK-CCMP+TKIP][ESS]
Mr. Internet-guest,58:6d:8f:4c:ee:9f,[ESS]
Hermosillense,00:1e:2a:78:3c:42,[WPA-PSK-CCMP+TKIP][WPA2-PSK-CCMP+TKIP][ESS]
hkim07b,90:72:40:21:30:0a,[WPA2-PSK-CCMP][ESS]
MyCharterWiFic1-5G,6c:b0:ce:a3:bb:c0,[WPA2-PSK-CCMP][WPS][ESS]
NETGEAR86,04:a1:51:81:60:fe,[WPA2-PSK-CCMP][WPS][ESS]
CAMPKMAN-guest,48:f8:b3:57:3a:f1,[ESS]
NETGEAR57,4c:60:de:d8:3e:23,[WPA2-PSK-CCMP][WPS][ESS]
GraMi,00:18:e7:c4:97:2a,[WPS][WEP][ESS]
2WIRE669,60:c3:97:06:80:a1,[WPA-PSK-CCMP+TKIP][WPA2-PSK-CCMP+TKIP][ESS]
2WIRE381,98:2c:be:36:a0:f9,[WPA-PSK-CCMP+TKIP][WPA2-PSK-CCMP+TKIP][ESS]
JoLiMi,c4:6e:1f:38:3b:44,[WPA2-PSK-CCMP][WPS][ESS]
piggy,48:f8:b3:3c:e4:ba,[WPA-PSK-CCMP+TKIP][WPA2-PSK-CCMP+TKIP][WPS][ESS]
RobotwithHumanHair,60:c3:97:f7:ef:9e,[WPA-PSK-CCMP+TKIP][WPA2-PSK-CCMP+TKIP][ESS]
PRETTYPOLLITO,e0:91:f5:5d:a1:7e,[WPS][WEP][ESS]
piggy-guest,48:f8:b3:3c:e4:bb,[ESS]
MotoVAP_M91403SA38XJ,30:60:23:1b:89:6d,[WPA2-PSK-CCMP][WPS][ESS]
ATT5T7d7Z9,94:62:69:5e:a4:a0,[WPA-PSK-CCMP+TKIP][WPA2-PSK-CCMP+TKIP][ESS]
NETGEAR26-5G,04:a1:51:81:5e:7f,[WPA2-PSK-CCMP][WPS][ESS]
SuperCharge2,28:c6:8e:b2:f4:93,[WPA2-PSK-CCMP][WPS][ESS]
Cisco_EC5E35D4,cc:0d:ec:5e:35:d5,[WPA2-PSK-CCMP][WPS][ESS]
Get your own damn wifi,28:c6:8e:b2:f5:6b,[WPA2-PSK-CCMP][WPS][ESS]
ATT5v7F9S5,e8:33:81:3c:33:e0,[WPA-PSK-CCMP+TKIP][WPA2-PSK-CCMP+TKIP][ESS]
ICRC1982,30:46:9a:f9:40:40,[WPA-PSK-TKIP][WPS][ESS]
CharterWiFi2770,c4:3d:c7:2e:e4:6d,[WPA2-PSK-CCMP][ESS]
Melissa's Wi-Fi Network,20:c9:d0:a1:d7:1c,[WPA2-PSK-CCMP][ESS]
ryanwifi,04:a1:51:a7:26:85,[WPA2-PSK-CCMP][WPS][ESS]
dlink,00:24:01:71:fe:8b,[WPA-PSK-CCMP+TKIP][WPA2-PSK-CCMP+TKIP][WPS][ESS]
linksys,00:25:9c:4a:f6:2b,[ESS]
belkin.185,ec:1a:59:a7:71:85,[WPA2-PSK-CCMP][WPS][ESS]
MyCharterWiFib1-2G,e8:fc:af:98:1d:b1,[WPA2-PSK-CCMP][WPS][ESS]
Free WiFi,ec:1a:59:54:d2:5e,[WPA2-PSK-CCMP][WPS][ESS]
NETGEAR02,10:0d:7f:4c:67:a6,[WPA2-PSK-CCMP][WPS][ESS]
belkin.25e.guests,ec:1a:59:54:d2:61,[ESS]
charterWifi,04:a1:51:81:5e:49,[WPA2-PSK-CCMP][WPS][ESS]
Smooch,00:22:6b:82:6f:18,[WPA-PSK-TKIP][WPS][ESS]
Don't be Jelly.,94:44:52:62:aa:25,[WPA2-PSK-CCMP][ESS]
WhyPhy-G,00:22:3f:78:48:a6,[WPA2-PSK-CCMP][WPS][ESS]
NETGEAR60,28:c6:8e:ba:f4:10,[WPA2-PSK-CCMP][ESS]
MIDORI,c8:be:19:6b:ab:be,[WPA-PSK-CCMP+TKIP][WPA2-PSK-CCMP+TKIP][WPS][ESS]
FlowerMan,b4:75:0e:a6:ce:c4,[WPA-PSK-CCMP+TKIP][WPA2-PSK-CCMP+TKIP][WPS][ESS]
TP-LINK_50299E,e8:94:f6:50:29:9e,[WPA2-PSK-CCMP][WPS][ESS]
NETGEAR49,28:c6:8e:89:8f:68,[WPA2-PSK-CCMP][WPS][ESS]
ATTsUKzR3A,78:96:84:b0:64:50,[WPA-PSK-CCMP+TKIP][WPA2-PSK-CCMP+TKIP][ESS]
ATT400,94:c1:50:d9:ef:d2,[WPA-PSK-CCMP+TKIP][WPA2-PSK-CCMP+TKIP][ESS]
ATT6A7m694,e8:33:81:03:27:e0,[WPA-PSK-CCMP+TKIP][WPA2-PSK-CCMP+TKIP][ESS]
NETGEAR99-5G,20:4e:7f:82:65:72,[WPA2-PSK-CCMP][WPS][ESS]
Long Live A$AC Schrader,84:1b:5e:dd:72:bf,[WPA2-PSK-CCMP][WPS][ESS]
HP-Print-75-Officejet Pro 8600,d8:9d:67:ec:c8:75,[WPA2-PSK-CCMP][ESS]
ATTuQZxYDS,94:62:69:34:3e:e0,[WPA-PSK-CCMP+TKIP][WPA2-PSK-CCMP+TKIP][ESS]
HideYaWifi,00:19:9d:74:db:79,[WPA2-PSK-CCMP][WPS][ESS]
CeilingKitty,e0:91:f5:e0:87:7d,[WPA2-PSK-CCMP][WPS][ESS]
HPD110a.77E3F3,02:2a:ba:2a:ef:29,[IBSS]
FreeWilly,ec:1a:59:06:d1:f4,[WPA2-PSK-CCMP][WPS][ESS]
C97130,c4:39:3a:c9:71:38,[WPA-PSK-CCMP+TKIP][WPA2-PSK-CCMP+TKIP][ESS]
Wifi89,28:c6:8e:b2:f6:6d,[WPA2-PSK-CCMP][WPS][ESS]
belkin.38c,08:86:3b:dc:e3:8c,[WPA2-PSK-CCMP][WPS][ESS]
NETGEAR41,10:0d:7f:5a:fb:01,[WPA2-PSK-CCMP][WPS][ESS]
Homedogggbiscuit,e8:de:27:f3:31:02,[WPA2-PSK-CCMP][WPS][ESS]
Pickle Jar,84:1b:5e:dd:72:be,[WPA2-PSK-CCMP][WPS][ESS]
MyCharterWiFif2-2G,04:a1:51:bb:19:f2,[WPA2-PSK-CCMP][WPS][ESS]
Pretty Fly for a Wi-Fi,e8:fc:af:91:e6:e3,[WPA2-PSK-CCMP][WPS][ESS]
Denise Network,90:72:40:0d:cb:04,[WPA2-PSK-CCMP][ESS]
League House 2.0,94:44:52:bd:7e:37,[WPA-PSK-CCMP][WPA2-PSK-CCMP][WPS][ESS]
HideYaWifi HD,00:19:9d:74:db:78,[WPA2-PSK-CCMP][WPS][ESS]
Winterfell,20:4e:7f:71:1a:7e,[WPA-PSK-TKIP][WPS][ESS]
belkin.f1b,ec:1a:59:ad:6f:1b,[WPA2-PSK-CCMP][WPS][ESS]
NETGEAR13,04:a1:51:a3:2e:a9,[WPA2-PSK-CCMP][WPS][ESS]
Angeli,00:90:a9:0d:a0:56,[WPA2-PSK-CCMP][WPS][ESS]
Mount Doom,ec:1a:59:89:da:58,[WPA2-PSK-CCMP][WPS][ESS]
ATT9y7j7q9,8c:7f:3b:a5:44:f0,[WPA-PSK-CCMP+TKIP][WPA2-PSK-CCMP+TKIP][ESS]
Hadleyville,6c:b0:ce:30:c5:68,[WPA2-PSK-CCMP][WPS][ESS]
Irene,e8:94:f6:41:89:04,[WPA-PSK-CCMP][WPA2-PSK-CCMP][WPS][ESS]
MyCharterWiFi4b-2G,6c:b0:ce:a7:de:4b,[WPA2-PSK-CCMP][WPS][ESS]
ASUS_136,40:16:7e:f4:0d:70,[WPA2-PSK-CCMP][WPS][ESS]
WesternDigital-36_5G,00:90:a9:0a:52:38,[WPA-PSK-CCMP][WPA2-PSK-CCMP][WPS][ESS]
Tenda_2A32E0,c8:3a:35:2a:32:e0,[WPA-PSK-CCMP][ESS]
MyCharterWiFi7e-2G,08:bd:43:ba:50:7e,[WPA2-PSK-CCMP][ESS]
Uyen&An,00:90:a9:0a:52:36,[WPA-PSK-CCMP][WPA2-PSK-CCMP][WPS][ESS]
MyCharterWiFi4b-5G,6c:b0:ce:a7:de:4a,[WPA2-PSK-CCMP][WPS][ESS]
ATT610,60:c3:97:ed:d1:8a,[WPA-PSK-CCMP+TKIP][WPA2-PSK-CCMP+TKIP][ESS]
NETGEAR80,c4:04:15:16:bf:fa,[WPA2-PSK-CCMP][WPS][ESS]
belkin.a28,ec:1a:59:0a:8a:28,[WPA2-PSK-CCMP][WPS][ESS]
Asia 001,20:aa:4b:80:c9:21,[WPA-PSK-TKIP][WPA2-PSK-CCMP][ESS]
NETGEAR55,28:c6:8e:a6:02:4c,[WPA2-PSK-CCMP][WPS][ESS]
FlowerMan-guest,b4:75:0e:a6:ce:c5,[ESS]
Home-5G,6c:b0:ce:a7:de:8f,[WPA2-PSK-CCMP][WPS][ESS]
MyCharterWiFi0f-5G,6c:b0:ce:a8:e8:0e,[WPA2-PSK-CCMP][WPS][ESS]
MyCharterWiFi0f-2G,6c:b0:ce:a8:e8:0f,[WPA2-PSK-CCMP][WPS][ESS]
SilverBear,48:f8:b3:a3:1e:45,[WPA-PSK-TKIP][WPA2-PSK-CCMP][WPS][ESS]
NETGEAR77,04:a1:51:81:7f:2e,[WPA2-PSK-CCMP][ESS]
TACOCAT,6c:b0:ce:b4:55:98,[WPA2-PSK-CCMP][WPS][ESS]
2WIRE561,74:9d:dc:33:e3:59,[WPA-PSK-CCMP+TKIP][WPA2-PSK-CCMP+TKIP][ESS]
MyCharterWiFibf-2G,6c:b0:ce:a2:d4:bf,[WPA2-PSK-CCMP][WPS][ESS]
Bosco,2c:b0:5d:df:61:5c,[WPA2-PSK-CCMP][WPS][ESS]
NETGEAR68,04:a1:51:2f:1e:7c,[WPA2-PSK-CCMP][WPS][ESS]
2WIRE040,28:16:2e:75:d6:91,[WPA-PSK-CCMP+TKIP][WPA2-PSK-CCMP+TKIP][ESS]
belkin.baa.media,ec:1a:59:5c:fb:ac,[WPA2-PSK-CCMP][WPS][ESS]
ATT6q7t3p7,44:e1:37:a6:0a:80,[WPA-PSK-CCMP+TKIP][WPA2-PSK-CCMP+TKIP][ESS]
ECCLESIASTES_3:11,94:62:69:3e:d9:00,[WPA-PSK-CCMP+TKIP][WPA2-PSK-CCMP+TKIP][ESS]
NETGEAR88,84:1b:5e:dc:da:bd,[WPA2-PSK-CCMP][WPS][ESS]
Pretty Fly for a Wifi,ec:1a:59:13:58:d8,[WPA2-PSK-CCMP][WPS][ESS]
wifi,4e:60:de:d8:4a:33,[WPA-PSK-CCMP+TKIP][WPA2-PSK-CCMP+TKIP][ESS]
MyCharterWiFi1d-2G,c4:04:15:a1:3b:1d,[WPA2-PSK-CCMP][WPS][ESS]
Oreo,08:66:34:5c:78:f5,[WPA-PSK-CCMP+TKIP][WPA2-PSK-CCMP+TKIP][ESS]
eduroam,00:21:a1:9c:43:bd,[WPA2-EAP-CCMP][ESS]
ucrwpa,00:21:a1:9c:43:b1,[WPA2-EAP-CCMP][ESS]
roomies,4c:60:de:d8:4a:33,[WPA2-PSK-CCMP][WPS][ESS]
Shell Cottage,6c:b0:ce:a2:d4:1a,[WPA2-PSK-CCMP][WPS][ESS]
belkin.baa.guests,ec:1a:59:5c:fb:ad,[ESS]
Cisco2021,48:f8:b3:7c:3c:89,[WPA-PSK-TKIP][WPA2-PSK-CCMP][WPS][ESS]
belkin.f62,08:86:3b:dc:cf:62,[WPA2-PSK-CCMP][WPS][ESS]
belkin.8db,ec:1a:59:8b:e8:db,[WPA2-PSK-CCMP][WPS][ESS]
belkin.baa_EXT,22:0c:c8:47:d8:2a,[WPA2-PSK-CCMP][WPS][ESS]
MyCharterWiFic1-2G,6c:b0:ce:b4:54:c1,[WPA2-PSK-CCMP][WPS][ESS]
Nanoo11,c8:b3:73:1b:3c:5f,[WPA-PSK-CCMP+TKIP][WPA2-PSK-CCMP+TKIP][WPS][ESS]
SANTEROYCHEZ,84:1b:5e:d9:57:91,[WPA2-PSK-CCMP][WPS][ESS]
Plebs,48:f8:b3:97:d2:40,[WPA-PSK-TKIP][WPA2-PSK-CCMP][WPS][ESS]
Plebs-guest,4e:f8:b3:97:d2:40,[ESS]
MyCharterWiFic0-2G,6c:b0:ce:a3:d7:c0,[WPA2-PSK-CCMP][WPS][ESS]
Archetype,c8:b3:73:39:59:a4,[WPA-PSK-CCMP+TKIP][WPA2-PSK-CCMP+TKIP][WPS][ESS]
FluffyBunnies,e8:94:f6:4b:b6:9e,[WPA-PSK-CCMP][WPA2-PSK-CCMP][WPS][ESS]
belkin.43e,08:86:3b:a2:24:3e,[WPA-PSK-CCMP][WPA2-PSK-CCMP][WPS][ESS]
SnS_Network_1,00:1c:f0:b8:7f:73,[WPA2-PSK-CCMP][WPS][ESS]
MyCharterWiFibc-2G,6c:b0:ce:a3:ba:bc,[WPA2-PSK-CCMP][WPS][ESS]
Spock-5G,28:c6:8e:0c:cd:d9,[WPA2-PSK-CCMP][WPS][ESS]
MyCharterWiFibc-5G,6c:b0:ce:a3:ba:bb,[WPA2-PSK-CCMP][WPS][ESS]
Hide yo kids hide your wifi,ec:1a:59:99:b1:ec,[WPA2-PSK-CCMP][WPS][ESS]
CWD Jobsite,06:18:0a:16:24:66,[WPA-PSK-CCMP+TKIP][WPA2-PSK-CCMP+TKIP][ESS]
HPC63DD0,02:25:a5:62:ec:5d,[IBSS]
MATHIT,00:1b:2f:fd:8a:82,[WPA-PSK-TKIP][ESS]
CBSRG,00:19:5b:5f:f8:68,[WPA2-PSK-TKIP][ESS]
Highlander SB,b8:a3:86:5c:b8:99,[WPA-PSK-CCMP+TKIP][WPA2-PSK-CCMP+TKIP][WPS][ESS]
kelliher's iMac,00:1c:b3:77:15:b1,[WEP][ESS]
Highlander,c8:d7:19:1f:95:f8,[WPA2-PSK-CCMP][WPS][ESS]
BearLogic,48:d7:05:ee:ac:26,[WPA2-PSK-CCMP][ESS]
IDMLab,c0:c1:c0:b1:d9:de,[WPA-PSK-CCMP+TKIP][WPA2-PSK-CCMP+TKIP][WPS][ESS]
videoweb2,00:21:91:04:5d:c3,[WPA2-PSK-CCMP][WPS][ESS]
jbro,02:0b:6b:da:31:f3,[IBSS]
Linksys25003,b4:75:0e:ad:ec:d4,[WPS][ESS]
NEMO24,44:94:fc:90:98:a9,[WPA2-PSK-CCMP][WPS][ESS]
jpl jetson 69,10:a5:d0:f3:6e:51,[WPA2-PSK-CCMP][ESS]
HP00626B,8a:39:65:25:bb:e9,[IBSS]
LibraryGuest,f8:4f:57:67:b8:33,[ESS]
Humanoid,00:26:bb:74:d4:5a,[WPA-PSK-TKIP][WPA2-PSK-CCMP+TKIP][ESS]
LDC_SAP_MIRANDA,14:2d:27:a5:e6:e7,[WPA2-PSK-CCMP][ESS]
City Year - Wi-Fi,a0:82:1f:b1:22:db,[WPA2-PSK-CCMP][ESS]
HPCP1525-02d3cf,02:29:09:49:77:48,[IBSS]
NEMO,44:94:fc:90:98:ab,[WPA2-PSK-CCMP][WPS][ESS]
videoweb1,00:21:91:04:51:7d,[WPA2-PSK-CCMP][WPS][ESS]
videoweb5,00:21:91:04:5c:e3,[WPA2-PSK-CCMP][WPS][ESS]
videoweb4,00:21:91:04:50:b9,[WPA2-PSK-CCMP][WPS][ESS]
Videoweb3DScanner,00:22:b0:b2:27:1e,[WPA2-PSK-TKIP][WPS][ESS]
LATTE-LAB,c8:d7:19:2d:00:1b,[WPA-PSK-TKIP][WPA2-PSK-CCMP][WPS][ESS]
McKibben,c0:a0:bb:e6:7e:14,[WPA-PSK-CCMP+TKIP][WPA2-PSK-CCMP+TKIP][WPS][ESS]
Robert's Wi-Fi Network,b8:c7:5d:06:75:63,[WPA2-PSK-CCMP][ESS]
Joel's Wi-Fi Network,88:1f:a1:37:3e:96,[WPA2-PSK-CCMP][ESS]
Green,00:14:d1:66:92:44,[WPS][WEP][ESS]
SETUP,66:2a:2f:53:7c:99,[IBSS]
DBoffice,00:25:9c:ef:56:cc,[WPA-PSK-TKIP][WPA2-PSK-CCMP-preauth][WPS][ESS]
"Hide yo kids, hide yo wifi",20:aa:4b:84:2f:b1,[WPA-PSK-TKIP][WPA2-PSK-CCMP][WPS][ESS]
dd-wrt,00:40:10:10:00:03,[ESS]
thedarcsage5ghz,c4:3d:c7:8e:da:cb,[WPA-PSK-CCMP+TKIP][WPA2-PSK-CCMP+TKIP][WPS][ESS]
S179DPRL,00:18:f8:65:d3:8d,[WEP][ESS]
LeRochNet,90:72:40:1d:ba:82,[WPA2-PSK-CCMP][ESS]
Ring's Wi-Fi Network,20:c9:d0:1d:47:17,[WPA2-PSK-CCMP][ESS]
Sean Cutler's Network,80:ea:96:ef:0e:b7,[WPA2-PSK-CCMP][ESS]
Karen Smith's iMac,00:1c:b3:7b:1b:b6,[ESS]
HPCP1525-884369,02:27:b7:ef:24:ef,[IBSS]
HP-Print-ea-LaserJet 400 color,1c:3e:84:6f:cc:ea,[ESS]
NMG iMAC2,8c:2d:aa:57:d5:9d,[ESS]
Bill Nye the WiFi,b4:75:0e:82:f3:48,[WPA-PSK-CCMP+TKIP][WPA2-PSK-CCMP+TKIP][WPS][ESS]
HP-Print-21-Officejet 4630,14:58:d0:ff:bd:21,[WPA2-PSK-CCMP][ESS]
Alvarez,08:60:6e:65:21:bc,[WPA2-PSK-CCMP][ESS]
NETGEAR62,44:94:fc:57:cb:c8,[WPA2-PSK-CCMP][WPS][ESS]
FREE WIFI :-),2c:be:08:ed:0a:b2,[ESS]
NETGEAR97-Guest,06:a1:51:b2:b6:0c,[WPA2-PSK-CCMP][ESS]
HP-Print-41-ENVY 4500 series,64:51:06:e8:f3:41,[WPA2-PSK-CCMP][ESS]
ATT845q9i9,a4:7a:a4:26:84:70,[WPA-PSK-CCMP+TKIP][WPA2-PSK-CCMP+TKIP][ESS]
JustCallJesus,00:1a:70:88:9e:9a,[WEP][ESS]
barajas,00:22:6b:77:21:2a,[WPA-PSK-TKIP][WPS][ESS]
743west,20:aa:4b:cd:c5:4a,[WPA-PSK-CCMP+TKIP][WPA2-PSK-CCMP+TKIP][WPS][ESS]
U+NetAE03,00:40:5a:d3:ae:01,[WPA2-PSK-CCMP][ESS]
ATTQsMjcTA,78:96:84:0b:54:c0,[WPA-PSK-CCMP+TKIP][WPA2-PSK-CCMP+TKIP][ESS]
NETGEAR18,04:a1:51:a8:25:c0,[WPA2-PSK-CCMP][ESS]
NETGEAR05,44:94:fc:3b:e9:d3,[WPA2-PSK-CCMP][WPS][ESS]
U+zone,00:40:5a:d3:ae:02,[WPA2-EAP-CCMP][ESS]
2WIRE645,00:24:56:a2:b0:19,[WPA-PSK-CCMP+TKIP][WPA2-PSK-CCMP+TKIP][ESS]
MyCharterWiFi6b-2G,6c:b0:ce:45:09:6b,[WPA2-PSK-CCMP][WPS][ESS]
2WIRE267,64:0f:28:91:cf:01,[WPA-PSK-CCMP+TKIP][WPA2-PSK-CCMP+TKIP][ESS]
china moble 6G,ac:5d:10:6b:e4:11,[WPA-PSK-CCMP+TKIP][WPA2-PSK-CCMP+TKIP][ESS]
MyCharterWiFiac-2G,6c:b0:ce:a8:e7:ac,[WPA2-PSK-CCMP][WPS][ESS]
MyCharterWiFi9b-2G,c4:04:15:8f:4f:9b,[WPA2-PSK-CCMP][ESS]
MyCharterWiFi6b-5G,6c:b0:ce:45:09:6a,[WPA2-PSK-CCMP][WPS][ESS]
ST,20:cf:30:87:ef:5f,[WPA2-PSK-TKIP][ESS]
2WIRE314,60:c3:97:5f:df:a9,[WPA-PSK-CCMP+TKIP][WPA2-PSK-CCMP+TKIP][ESS]
Daddy's Network,8c:7f:3b:a5:03:80,[WPA-PSK-CCMP+TKIP][WPA2-PSK-CCMP+TKIP][ESS]
ATT530,94:c1:50:dd:04:5a,[WPA-PSK-CCMP+TKIP][WPA2-PSK-CCMP+TKIP][ESS]
MyCharterWiFi28-2G,6c:b0:ce:a3:bb:28,[WPA2-PSK-CCMP][WPS][ESS]
MyCharterWiFic0-5G,6c:b0:ce:a3:d7:bf,[WPA2-PSK-CCMP][WPS][ESS]
belkin.637,ec:1a:59:08:96:37,[WPA2-PSK-CCMP][WPS][ESS]
DoubleFaster-guest,c8:d7:19:7c:da:e0,[ESS]
ATT8h643R5,8c:7f:3b:a4:21:d0,[WPA-PSK-CCMP+TKIP][WPA2-PSK-CCMP+TKIP][ESS]
Home,6c:b0:ce:a7:de:90,[WPA2-PSK-CCMP][WPS][ESS]
MyCharterWiFi7e-5G,08:bd:43:ba:50:80,[WPA2-PSK-CCMP][WPS][ESS]
MyCharterWiFi32-5G,6c:b0:ce:2e:21:31,[WPA2-PSK-CCMP][WPS][ESS]
2WIRE870,74:9d:dc:4c:ed:59,[WPA-PSK-CCMP+TKIP][WPA2-PSK-CCMP+TKIP][ESS]
PonycornzOnly,04:a1:51:81:60:65,[WPA2-PSK-CCMP][ESS]
ATT9c9R495,b0:77:ac:ca:df:d0,[WPA-PSK-CCMP+TKIP][WPA2-PSK-CCMP+TKIP][ESS]
NETGEAR57-5G,04:a1:51:20:fc:35,[WPA2-PSK-CCMP][WPS][ESS]
belkin.3ba.media,b4:75:0e:00:73:bc,[WPA2-PSK-CCMP][WPS][ESS]
2WIRE711,74:9d:dc:ee:f5:29,[WPA-PSK-CCMP+TKIP][WPA2-PSK-CCMP+TKIP][ESS]
Belkin.3BEB,94:44:52:6c:ab:eb,[WPA-PSK-CCMP][WPA2-PSK-CCMP][WPS][ESS]
ATT687,28:16:2e:06:9b:ea,[WPA-PSK-CCMP+TKIP][WPA2-PSK-CCMP+TKIP][ESS]
Boobear,00:1e:2a:6a:1a:26,[WEP][ESS]
belkin.3ba.guests,b4:75:0e:00:73:bd,[ESS]
<(O.O)>,6c:b0:ce:44:0f:02,[WPA2-PSK-CCMP][WPS][ESS]
MyCharterWiFi17-2G,c4:04:15:9d:32:17,[WPA2-PSK-CCMP][WPS][ESS]
DIRECT-roku-662-4D1B38,dc:3a:5e:7e:3e:85,[WPA2-PSK-CCMP][WPS][ESS]
MyCharterWiFi17-5G,c4:04:15:9d:32:19,[WPA2-PSK-CCMP][WPS][ESS]
NETGEAR60-5G,28:c6:8e:ba:f4:12,[WPA2-PSK-CCMP][WPS][ESS]
MyCharterWiFice-2G,c4:04:15:9d:2f:ce,[WPA2-PSK-CCMP][ESS]
Wolf Network,00:1f:f3:c4:22:ee,[WPA-PSK-TKIP][WPA2-PSK-CCMP+TKIP][ESS]
ATT627,94:c1:50:0a:b0:52,[WPA-PSK-CCMP+TKIP][WPA2-PSK-CCMP+TKIP][ESS]
MyCharterWiFicb-2G,6c:b0:ce:a3:d8:cb,[WPA2-PSK-CCMP][WPS][ESS]
12AX7EL84,20:aa:4b:bd:dd:59,[WPA-PSK-CCMP+TKIP][WPA2-PSK-CCMP+TKIP][WPS][ESS]
belkin.bee,ec:1a:59:65:fb:ee,[WPA-PSK-CCMP][WPA2-PSK-CCMP][WPS][ESS]
MyCharterWiFi87-2G,6c:b0:ce:44:8a:87,[WPA2-PSK-CCMP][WPS][ESS]
You cut me deep - 5G,e6:f4:c6:0e:d7:5a,[WPA2-PSK-CCMP][ESS]
MyCharterWiFia5-5G,c4:04:15:a1:13:a7,[WPA2-PSK-CCMP][WPS][ESS]
Brownies,5c:d9:98:60:b9:d2,[WPA2-PSK-CCMP][WPS][ESS]
NETGEAR44,c4:04:15:b1:8e:d9,[WPA2-PSK-CCMP][WPS][ESS]
BOATS AND HOES,08:86:3b:99:58:82,[WPA-PSK-CCMP][WPA2-PSK-CCMP][WPS][ESS]
belkin.882.guests,0a:86:3b:99:58:83,[WPS][ESS]
MyCharterWiFi38-5G,04:a1:51:d8:06:37,[WPA2-PSK-CCMP][WPS][ESS]
Smart-WiFi,44:94:fc:61:ac:23,[WPA2-PSK-CCMP][ESS]
Linksys10152-guest,9a:fc:11:f3:02:a4,[ESS]
NETGEAR52-5G,04:a1:51:96:c8:09,[WPA2-PSK-CCMP][WPS][ESS]
Belkin.4B85,94:44:52:64:7b:85,[WPA-PSK-CCMP][WPA2-PSK-CCMP][WPS][ESS]
MyCharterWiFi02-5G,6c:b0:ce:32:70:01,[WPA2-PSK-CCMP][WPS][ESS]
MyCharterWiFi03-2G,6c:b0:ce:31:81:03,[WPA2-PSK-CCMP][WPS][ESS]
2WIRE813,d0:39:b3:38:c5:30,[WPA-PSK-CCMP+TKIP][WPA2-PSK-CCMP+TKIP][ESS]
ISABEL-HP_Network,84:1b:5e:f2:fe:be,[WPA-PSK-CCMP+TKIP][WPA2-PSK-CCMP+TKIP][WPS][ESS]
MyCharterWiFiaf-5G,20:0c:c8:25:e4:ae,[WPA2-PSK-CCMP][WPS][ESS]
ATT135,60:c3:97:4e:81:b6,[WPA-PSK-CCMP+TKIP][WPA2-PSK-CCMP+TKIP][ESS]
belkin.fd2,08:86:3b:49:7f:d2,[WPA-PSK-CCMP][WPA2-PSK-CCMP][WPS][ESS]
B&V,e0:46:9a:5b:1e:83,[WPA2-PSK-CCMP][WPS][ESS]
NETGEAR63-5G,04:a1:51:14:dc:3f,[WPA2-PSK-CCMP][WPS][ESS]
NETGEAR70-5G,04:a1:51:ab:7a:e5,[WPA2-PSK-CCMP][WPS][ESS]
ATT741,60:fe:20:6e:a4:72,[WPA-PSK-CCMP+TKIP][WPA2-PSK-CCMP+TKIP][ESS]
MyCharterWiFia4-5G,e8:fc:af:9b:90:a3,[WPA2-PSK-CCMP][WPS][ESS]
ATT345,94:c1:50:a1:5f:a2,[WPA-PSK-CCMP+TKIP][WPA2-PSK-CCMP+TKIP][ESS]
belkin.55d,b4:75:0e:24:75:5d,[WPA2-PSK-CCMP][WPS][ESS]
belkin.55d.guests,b6:75:0e:24:75:5e,[WPS][ESS]
EXOnet,08:86:3b:b8:3d:38,[WPA2-PSK-CCMP][WPS][ESS]
MyCharterWiFic7-5G,04:a1:51:ba:e4:c9,[WPA2-PSK-CCMP][WPS][ESS]
2WIRE734,ac:5d:10:36:d7:e9,[WPA-PSK-CCMP+TKIP][WPA2-PSK-CCMP+TKIP][ESS]
360WiFi-9530,a0:88:b4:5b:be:8d,[WPA2-PSK-CCMP][ESS]
Tempus Fugit,20:c9:d0:1e:62:39,[WPA2-PSK-CCMP][ESS]
VideowebCEML,00:22:b0:b2:1b:b2,[WPA-PSK-CCMP+TKIP][WPA2-PSK-CCMP+TKIP][WPS][ESS]
Geng's,64:66:b3:9f:fb:d8,[WPA-PSK-CCMP][WPA2-PSK-CCMP][WPS][ESS]
Baboy's,48:f8:b3:49:20:c2,[WPA-PSK-CCMP+TKIP][WPA2-PSK-CCMP+TKIP][WPS][ESS]
743west-guest,20:aa:4b:cd:c5:4b,[ESS]
DoubleFaster,c8:d7:19:7c:da:df,[WPA-PSK-CCMP+TKIP][WPA2-PSK-CCMP+TKIP][WPS][ESS]
ATT8p9v8d2,8c:7f:3b:a4:d9:20,[WPA-PSK-CCMP+TKIP][WPA2-PSK-CCMP+TKIP][ESS]
NotConnected,e4:f4:c6:ee:64:4a,[WPA2-PSK-CCMP][WPS][ESS]
2FLY4AWI-FI,e8:fc:af:82:c8:0e,[WPA2-PSK-CCMP][WPS][ESS]
belkin.3ba,b4:75:0e:00:73:ba,[WPA2-PSK-CCMP][WPS][ESS]
belkin.b24,ec:1a:59:25:4b:24,[WPA2-PSK-CCMP][WPS][ESS]
MyCharterWiFib1-5G,e8:fc:af:98:1d:b0,[WPA2-PSK-CCMP][WPS][ESS]
MyCharterWiFi79-2G,6c:b0:ce:a2:d5:79,[WPA2-PSK-CCMP][WPS][ESS]
ATT491,94:c1:50:da:ed:3a,[WPA-PSK-CCMP+TKIP][WPA2-PSK-CCMP+TKIP][ESS]
Free WiFi.media,ec:1a:59:54:d2:60,[WPA2-PSK-CCMP][WPS][ESS]
This could be us,e4:f4:c6:0e:d7:5a,[WPA2-PSK-CCMP][WPS][ESS]
MyCharterWiFi99-2G,08:bd:43:c3:2e:99,[WPA2-PSK-CCMP][WPS][ESS]
KathmanduNepal,c4:3d:c7:a1:57:30,[WPA-PSK-CCMP+TKIP][WPA2-PSK-CCMP+TKIP][WPS][ESS]
Parliament,1c:7e:e5:42:4f:c1,[WPA-PSK-CCMP+TKIP][WPA2-PSK-CCMP+TKIP][WPS][ESS]
2WIRE989,00:25:3c:64:72:91,[WPA-PSK-CCMP+TKIP][WPA2-PSK-CCMP+TKIP][ESS]
This could be us 5G,e4:f4:c6:0e:d7:59,[WPA2-PSK-CCMP][WPS][ESS]
MyCharterWiFicb-5G,6c:b0:ce:a3:d8:ca,[WPA2-PSK-CCMP][WPS][ESS]
B&V-5G,e0:46:9a:5b:1e:85,[WPA2-PSK-CCMP][WPS][ESS]
ThreeGirls,20:aa:4b:ba:70:5b,[WPA-PSK-CCMP+TKIP][WPA2-PSK-CCMP+TKIP][WPS][ESS]
ASHKANNETWORK,48:f8:b3:72:0a:70,[WPA-PSK-TKIP][WPA2-PSK-CCMP][WPS][ESS]
MadoHomu-guest,48:f8:b3:45:ae:19,[ESS]
KrispyKrab,48:f8:b3:8e:65:47,[WPA2-PSK-CCMP][WPS][ESS]
HERMOSILLENSE-GUEST,e6:f4:c6:13:61:75,[WPA2-PSK-CCMP][ESS]
DELL 4320 WIRELESS,00:12:0e:f8:af:cd,[ESS]
NETGEAR97,04:a1:51:b2:b6:0c,[WPA2-PSK-CCMP][WPS][ESS]
HP-Print-EE-Deskjet 3510 series,2c:59:e5:cc:1c:ee,[WPA2-PSK-CCMP][ESS]
inmotion_F0027,00:80:48:41:28:58,[WPA-PSK-TKIP][WPA2-PSK-TKIP][ESS]
HP-Print-5A-ENVY 5530 series,28:92:4a:d0:a1:5a,[WPA2-PSK-CCMP][ESS]
MyNetwork Wi-Fi Network,28:cf:e9:83:d8:96,[WPA2-PSK-CCMP][ESS]
2WIRE119,60:c3:97:bd:f2:61,[WPA-PSK-CCMP+TKIP][WPA2-PSK-CCMP+TKIP][ESS]
Cisco_96149261,68:ee:96:14:92:61,[WPA2-PSK-CCMP][WPS][ESS]
MyCharterWiFia4-2G,e8:fc:af:9b:90:a4,[WPA2-PSK-CCMP][WPS][ESS]
belkin.736.media,b4:75:0e:25:87:38,[WPA2-PSK-CCMP][WPS][ESS]
Arsenal,b4:75:0e:25:87:36,[WPA2-PSK-CCMP][WPS][ESS]
IbanezNetwork,78:96:84:80:73:70,[WPA-PSK-CCMP+TKIP][WPA2-PSK-CCMP+TKIP][ESS]
NETGEAR26,10:0d:7f:67:38:92,[WPA2-PSK-CCMP][WPS][ESS]
ATT142,94:c1:50:d6:4c:6a,[WPA-PSK-CCMP+TKIP][WPA2-PSK-CCMP+TKIP][ESS]
sage,04:a1:51:14:dc:40,[WPA2-PSK-CCMP][WPS][ESS]
TREX,a0:21:b7:bf:7c:24,[WPA2-PSK-CCMP][WPS][ESS]
belkin.cc4,ec:1a:59:2a:4c:c4,[WPA2-PSK-CCMP][WPS][ESS]
UCPD3,60:fe:20:74:40:2e,[WPA-PSK-CCMP+TKIP][WPA2-PSK-CCMP+TKIP][ESS]
NATALIAS_Network,e0:91:f5:b7:00:01,[WPS][WEP][ESS]
belkin.736.guests,b4:75:0e:25:87:39,[ESS]
HP-Print-26-LaserJet 1102,7c:e9:d3:8a:6c:26,[ESS]
MyCharterWiFiaf-2G,20:0c:c8:25:e4:af,[WPA2-PSK-CCMP][WPS][ESS]
belkin.2ec,ec:1a:59:48:02:ec,[WPA2-PSK-CCMP][WPS][ESS]
nbalumpia,68:a8:6d:66:be:71,[WPA2-PSK-CCMP][ESS]
This is my Wifi,64:e5:99:31:95:d6,[WPA-PSK-CCMP][WPS][ESS]
NETGEAR71,28:c6:8e:a3:15:4a,[WPA2-PSK-CCMP][WPS][ESS]
2WIRE742,00:21:7c:3d:6d:29,[WPA-PSK-CCMP+TKIP][WPA2-PSK-CCMP+TKIP][ESS]
FALLATAH,10:0d:7f:5b:2c:39,[WPA2-PSK-CCMP][WPS][ESS]
HP-Print-2E-Officejet Pro 8600,2c:59:e5:eb:49:2e,[ESS]
MyCharterWiFi5e-2G,04:a1:51:ba:cf:5e,[WPA2-PSK-CCMP][ESS]
ReEm,c4:04:15:58:ec:de,[WPA2-PSK-CCMP][WPS][ESS]
NETGEAR94,6c:b0:ce:15:1b:16,[WPA2-PSK-CCMP][WPS][ESS]
MyCharterWiFi8e-2G,6c:b0:ce:a8:e7:8e,[WPA2-PSK-CCMP][WPS][ESS]
2WIRE529,00:24:56:4b:c9:19,[WPA-PSK-CCMP+TKIP][WPA2-PSK-CCMP+TKIP][ESS]
Sibylline,20:4e:7f:7b:2a:db,[WPA2-PSK-CCMP][WPS][ESS]
Diaozhatian,48:f8:b3:84:c8:1b,[WPA-PSK-TKIP][WPA2-PSK-CCMP][WPS][ESS]
2WIRE107,00:21:7c:16:da:01,[WPA-PSK-CCMP+TKIP][WPA2-PSK-CCMP+TKIP][ESS]
ATTveqHHCI,94:62:69:08:f6:00,[WPA-PSK-CCMP+TKIP][WPA2-PSK-CCMP+TKIP][ESS]
attwifi,00:1d:70:9c:4a:10,[ESS]
Morgans,28:16:2e:e7:48:21,[WPA-PSK-CCMP+TKIP][WPA2-PSK-CCMP+TKIP][ESS]
SAM,c4:39:3a:c9:87:28,[WPA2-PSK-CCMP][ESS]
ATT3W564G7,44:e1:37:a6:0d:00,[WPA-PSK-CCMP+TKIP][WPA2-PSK-CCMP+TKIP][ESS]
Mike is fat,c4:04:15:23:dc:68,[WPA2-PSK-CCMP][WPS][ESS]
Winterfel,00:25:9c:4a:b9:32,[WPA2-PSK-TKIP][ESS]
ATT985,60:c3:97:f5:e0:be,[WPA-PSK-CCMP+TKIP][WPA2-PSK-CCMP+TKIP][ESS]
MyCharterWiFi9f-2G,6c:b0:ce:44:81:9f,[WPA2-PSK-CCMP][WPS][ESS]
belkin.b3e.media,b4:75:0e:23:8b:40,[WPA2-PSK-CCMP][WPS][ESS]
MyCharterWiFie9-5G,e8:fc:af:a7:93:e8,[WPA2-PSK-CCMP][WPS][ESS]
ATT802,60:c3:97:dd:82:7e,[WPA-PSK-CCMP+TKIP][WPA2-PSK-CCMP+TKIP][ESS]
belkin.288.media,b4:75:0e:2c:92:8a,[WPA-PSK-CCMP+TKIP][WPA2-PSK-CCMP+TKIP][WPS][ESS]
belkin.c28,08:86:3b:10:7c:28,[WPA2-PSK-CCMP][WPS][ESS]
NETGEAR53,6c:b0:ce:36:38:bc,[WPA2-PSK-CCMP][WPS][ESS]
Onelove,74:9d:dc:90:87:89,[WPA-PSK-CCMP+TKIP][WPA2-PSK-CCMP+TKIP][ESS]
2WIRE579,00:23:51:c1:68:d1,[WPA-PSK-CCMP+TKIP][WPA2-PSK-CCMP+TKIP][ESS]
2WIRE567,34:ef:44:90:b5:81,[WPA-PSK-CCMP+TKIP][WPA2-PSK-CCMP+TKIP][ESS]
belkin.b3e.guests,b4:75:0e:23:8b:41,[ESS]
belkin.c28.guests,0a:86:3b:10:7c:29,[WPS][ESS]
MyCharterWiFie9-2G,e8:fc:af:a7:93:e9,[WPA2-PSK-CCMP][WPS][ESS]
the turn up function,ec:1a:59:6c:13:3a,[WPA-PSK-CCMP][WPA2-PSK-CCMP][WPS][ESS]
NETGEAR25,e8:fc:af:a7:49:a6,[WPA2-PSK-CCMP][WPS][ESS]
belkin.288.guests,b4:75:0e:2c:92:8b,[ESS]
ATTaDAUn6a,94:62:69:39:62:00,[WPA-PSK-CCMP+TKIP][WPA2-PSK-CCMP+TKIP][ESS]
KAP2,00:1d:e5:80:b3:30,[WPA-PSK-TKIP][ESS]
ATT933,60:fe:20:18:75:f2,[WPA-PSK-CCMP+TKIP][WPA2-PSK-CCMP+TKIP][ESS]
Ultimate Grand Marc Experience,44:94:fc:3b:2b:ae,[WPA2-PSK-CCMP][WPS][ESS]
Cisco_7DF0B112,24:76:7d:f0:b1:13,[WPA2-PSK-CCMP][WPS][ESS]
ATT2F5yVqs,78:96:84:82:50:c0,[WPA-PSK-CCMP+TKIP][WPA2-PSK-CCMP+TKIP][ESS]
ATTMf2Vufi,94:62:69:74:d6:90,[WPA-PSK-CCMP+TKIP][WPA2-PSK-CCMP+TKIP][ESS]
MyCharterWiFi30-5G,c4:04:15:0e:bf:2f,[WPA2-PSK-CCMP][WPS][ESS]
NETGEAR37,c4:04:15:4c:26:95,[WPA2-PSK-CCMP][WPS][ESS]
belkin.156.guests,b4:75:0e:24:41:59,[ESS]
CiscoA1247,58:6d:8f:11:3f:fe,[WPS][WEP][ESS]
TP-LINK_C51F58,e8:94:f6:c5:1f:58,[WPA2-PSK-CCMP][WPS][ESS]
Lollicup,c4:6e:1f:7e:aa:32,[WPA-PSK-CCMP][WPA2-PSK-CCMP][WPS][ESS]
TP-LINK_BC221A,e8:de:27:bc:22:1a,[WPA2-PSK-CCMP][WPS][ESS]
Yolo,e8:de:27:b8:60:76,[WPA2-PSK-CCMP][WPS][ESS]
Queens' Lair,e8:de:27:f6:b4:68,[WPA-PSK-CCMP][WPA2-PSK-CCMP][WPS][ESS]
justkeepswimming,c0:3f:0e:94:22:0a,[WPA-PSK-CCMP+TKIP][WPA2-PSK-CCMP+TKIP][WPS][ESS]
TP-LINK_382C94,c4:6e:1f:38:2c:94,[WPA2-PSK-CCMP][WPS][ESS]
belkin.9c8,08:86:3b:f0:79:c8,[WPA-PSK-CCMP][WPA2-PSK-CCMP][WPS][ESS]
Mini,00:50:7f:cd:df:54,[WPA-PSK-CCMP+TKIP][WPA2-PSK-CCMP+TKIP][ESS]
Waifu over Wifi,00:26:5a:fc:de:5e,[WPS][WEP][ESS]
Concealed Industries,b4:75:0e:24:41:56,[WPA2-PSK-CCMP][WPS][ESS]
NETGEAR62-5G,04:a1:51:15:f5:df,[WPA2-PSK-CCMP][WPS][ESS]
NETGEAR20,04:a1:51:c1:2d:f8,[WPA2-PSK-CCMP][WPS][ESS]
NETGEAR410,e0:91:f5:85:d0:fe,[WPA2-PSK-CCMP][WPS][ESS]
DOCH,5c:d9:98:64:6a:e6,[WPA-PSK-CCMP+TKIP][WPA2-PSK-CCMP+TKIP][WPS][ESS]
insta : C7RS.guests,96:10:3e:38:19:d2,[ESS]
AquaDeer,c8:d7:19:07:81:d3,[WPA-PSK-TKIP][WPA2-PSK-CCMP][WPS][ESS]
NETGEAR-T,e8:fc:af:a3:97:30,[WPA2-PSK-CCMP][WPS][ESS]
HERMOSILLENSE-5G,e4:f4:c6:13:61:73,[WPA2-PSK-CCMP][WPS][ESS]
CAMPKMAN,48:f8:b3:57:3a:f0,[WPA-PSK-CCMP+TKIP][WPA2-PSK-CCMP+TKIP][WPS][ESS]
MyCharterWiFi05-2G,6c:b0:ce:a7:dc:05,[WPA2-PSK-CCMP][WPS][ESS]
Stalin Is My Copilot,10:0d:7f:6e:34:5c,[WPA2-PSK-CCMP][WPS][ESS]
TOKIDOKI,c8:be:19:6b:ab:c0,[WPA-PSK-CCMP+TKIP][WPA2-PSK-CCMP+TKIP][WPS][ESS]
Penguin,ec:1a:59:80:41:98,[WPA2-PSK-CCMP][WPS][ESS]
belkin.412,ec:1a:59:66:64:12,[WPA-PSK-CCMP][WPA2-PSK-CCMP][WPS][ESS]
WhyPhy-N,00:22:3f:78:48:a5,[WPA2-PSK-CCMP][WPS][ESS]
Hadleyville-5G,6c:b0:ce:30:c5:67,[WPA2-PSK-CCMP][WPS][ESS]
finger ecstasy,c8:be:19:6e:d2:f4,[WPA-PSK-CCMP+TKIP][WPA2-PSK-CCMP+TKIP-preauth][WPS][ESS]
WuTangLAN,ec:1a:59:26:97:e2,[WPA2-PSK-CCMP][WPS][ESS]
FriendlyNeighborhoodSpiderLAN,ec:1a:59:26:97:e0,[WPA2-PSK-CCMP][WPS][ESS]
Shin-Ra Inc.-5G,04:a1:51:90:aa:c3,[WPA2-PSK-CCMP][WPS][ESS]
pbazero999,10:c3:7b:a3:00:b4,[WPA2-PSK-CCMP][ESS]
belkin.baa,ec:1a:59:5c:fb:aa,[WPA2-PSK-CCMP][WPS][ESS]
MyCharterWiFibf-5G,6c:b0:ce:a2:d4:be,[WPA2-PSK-CCMP][WPS][ESS]
MyCharterWiFi6f-2G,6c:b0:ce:a3:d7:6f,[WPA2-PSK-CCMP][WPS][ESS]
ATT921,64:0f:28:cf:51:3e,[WPA-PSK-CCMP+TKIP][WPA2-PSK-CCMP+TKIP][ESS]
BroOppahs,08:86:3b:22:16:bc,[WPA-PSK-CCMP][WPA2-PSK-CCMP][WPS][ESS]
MyCharterWiFi5d-2G,6c:b0:ce:a7:de:5d,[WPA2-PSK-CCMP][WPS][ESS]
coolbeans,00:1c:df:f9:39:06,[WPA-PSK-CCMP+TKIP][WPA2-PSK-CCMP+TKIP][WPS][ESS]
MyCharterWiFiac-5G,6c:b0:ce:a8:e7:ab,[WPA2-PSK-CCMP][WPS][ESS]
RJV,14:35:8b:0e:05:10,[WPA-PSK-CCMP+TKIP][WPA2-PSK-CCMP+TKIP][ESS]
RAMSES,c0:4a:00:77:bd:f0,[WPA-PSK-CCMP][WPA2-PSK-CCMP][WPS][ESS]
GL,08:86:3b:2d:74:fa,[WPA-PSK-CCMP][WPA2-PSK-CCMP][WPS][ESS]
starmando,14:35:8b:0d:a0:3c,[WPA-PSK-CCMP+TKIP][WPA2-PSK-CCMP+TKIP][ESS]
belkin.00a,b4:75:0e:24:10:0a,[WPA2-PSK-CCMP][WPS][ESS]
BRISHTI,00:19:9d:4c:58:59,[WPA-PSK-CCMP][WPA2-PSK-CCMP][WPS][ESS]
JasLabNetwork,c0:4a:00:59:17:ec,[WPA-PSK-CCMP][WPA2-PSK-CCMP][WPS][ESS]
HP-Print-db-LaserJet 400 M401dw,08:ed:b9:5a:e5:db,[ESS]
360WiFi-1147,68:94:23:18:41:93,[WPA2-PSK-CCMP][ESS]
Dell_device,0e:3e:2c:18:9f:3a,[IBSS]
NETGEAR81,28:c6:8e:a6:02:38,[WPA2-PSK-CCMP][WPS][ESS]
kaizen,00:24:6c:ad:a2:a0,[WPA2-PSK-CCMP+TKIP][ESS]
CatalinaHQ,00:24:6c:ad:a2:a2,[WPA-EAP-TKIP][WPA2-EAP-CCMP][ESS]
Coco's Free Wi-Fi,00:24:6c:ad:a2:a1,[ESS]
HP-Print-DB-Deskjet 3510 series,2c:44:fd:bd:b5:db,[ESS]
30847-5G,04:a1:51:2b:e1:b0,[WPA2-PSK-CCMP][WPS][ESS]
tomhome,00:23:69:06:d5:01,[WPA-PSK-CCMP+TKIP][WPA2-PSK-CCMP+TKIP][WPS][ESS]
30847-HH,04:a1:51:2b:e1:b1,[WPA2-PSK-CCMP][WPS][ESS]
FREE WIFI?! good joke XD,48:f8:b3:90:3a:51,[WPA-PSK-TKIP][WPA2-PSK-CCMP][WPS][ESS]
Cucharayu,68:7f:74:05:b0:65,[WPA-PSK-CCMP+TKIP][WPA2-PSK-CCMP+TKIP][WPS][ESS]
Motel 6 UCR,c0:8a:de:1e:c6:28,[ESS]
ATT752,b0:77:ac:ee:c8:20,[WPA-PSK-CCMP+TKIP][WPA2-PSK-CCMP+TKIP][ESS]
RENEE,e8:de:27:bc:08:68,[WPA2-PSK-CCMP][WPS][ESS]
NOAH,b4:75:0e:88:06:c8,[WPS][WEP][ESS]
HiWiFi_13651C,d4:ee:07:13:65:1c,[WPA-PSK-CCMP][WPA2-PSK-CCMP][ESS]
FUCK.UCR,d4:ee:07:1c:44:24,[WPA-PSK-CCMP][WPA2-PSK-CCMP][ESS]
home,00:21:29:97:da:65,[WPA-PSK-CCMP][WPS][ESS]
Airwave,c0:8a:de:39:23:38,[ESS]
Piadamore,7c:bf:b1:32:4c:10,[WPA-PSK-CCMP+TKIP][WPA2-PSK-CCMP+TKIP][ESS]
BapaNet,20:aa:4b:a4:76:c2,[WPA-PSK-CCMP+TKIP][WPA2-PSK-CCMP+TKIP][WPS][ESS]
FUCK.UCR_5G,d0:ee:07:1c:44:24,[WPA-PSK-CCMP][WPA2-PSK-CCMP][ESS]
MadoHomu,48:f8:b3:45:ae:17,[WPA-PSK-CCMP+TKIP][WPA2-PSK-CCMP+TKIP][WPS][ESS]
TP-LINK_CDFC20,e8:de:27:cd:fc:20,[WPA2-PSK-CCMP][WPS][ESS]
:^),ec:1a:59:48:6b:64,[WPA2-PSK-CCMP][WPS][ESS]
versace,48:f8:b3:39:c8:d2,[WPA-PSK-CCMP+TKIP][WPA2-PSK-CCMP+TKIP][WPS][ESS]
Internet,c8:d7:19:a4:60:f4,[WPA-PSK-CCMP+TKIP][WPA2-PSK-CCMP+TKIP][WPS][ESS]
FancyMagnolia,68:7f:74:95:dc:3b,[WPA-PSK-CCMP+TKIP][WPA2-PSK-CCMP+TKIP][WPS][ESS]
Dulce's Wi-Fi,f8:1a:67:6f:96:f4,[WPA-PSK-CCMP+TKIP][WPA2-PSK-CCMP+TKIP][ESS]
NETGEAR31-5G,04:a1:51:1f:d8:3a,[WPA2-PSK-CCMP][WPS][ESS]
papanet,6c:b0:ce:3e:76:4d,[WPA2-PSK-CCMP][ESS]
HPJ610a.026897,02:29:c9:4e:3d:4e,[IBSS]
chen,20:c9:d0:c5:0d:49,[ESS]
The Wicked Witch,70:62:b8:2f:ac:ea,[WPA-PSK-CCMP+TKIP][WPA2-PSK-CCMP+TKIP][WPS][ESS]
GucciMayne,00:18:39:98:89:68,[WPA-PSK-TKIP][WPA2-PSK-TKIP][ESS]
TwitchPlaysWifi,48:f8:b3:66:15:bc,[WPA-PSK-TKIP][WPA2-PSK-CCMP][WPS][ESS]
NETGEAR31,04:a1:51:1f:d8:3b,[WPA2-PSK-CCMP][WPS][ESS]
Wayneda,5c:d9:98:67:22:e0,[WPA-PSK-TKIP][WPS][ESS]
NETGEAR69,6c:b0:ce:2b:99:e6,[WPA2-PSK-CCMP][WPS][ESS]
Hobo sex dungeon,00:02:6f:5a:11:00,[WPA-PSK-TKIP][WPS][ESS]
HiWiFi,d4:ee:07:0e:fa:ba,[WPA-PSK-CCMP][WPA2-PSK-CCMP][ESS]
belkin.615,b4:75:0e:f0:36:15,[WPA-PSK-CCMP][WPA2-PSK-CCMP][WPS][ESS]
La'Quishraniqua ,e0:46:9a:89:0f:3c,[WPA-PSK-CCMP+TKIP][WPA2-PSK-CCMP+TKIP][WPS][ESS]
NETGEAR50,6c:b0:ce:2f:1c:22,[WPA2-PSK-CCMP][WPS][ESS]
Goku No Piccolo ,00:14:a5:35:37:a6,[WPA2-PSK-CCMP][ESS]
`,00:22:3f:95:0c:e1,[WPA2-PSK-CCMP][ESS]
TRENDnet,d8:eb:97:28:8a:61,[WPA2-PSK-CCMP+TKIP][WPS][ESS]
NoInnaNet Pho Yu,c8:b3:73:4d:fb:f8,[WPA-PSK-CCMP+TKIP][WPA2-PSK-CCMP+TKIP][WPS][ESS]
Mouse,c0:3f:0e:6d:3c:40,[WPS][WEP][ESS]
Carlos Contreras,c4:6e:1f:37:eb:9e,[WPA2-PSK-CCMP][WPS][ESS]
turtle,b4:75:0e:7a:97:46,[WPA2-PSK-CCMP][WPS][ESS]
Mody,c4:04:15:22:c3:5a,[WPA2-PSK-CCMP][WPS][ESS]
ATT2r4D4h6,dc:45:17:7d:bf:50,[WPA-PSK-CCMP+TKIP][WPA2-PSK-CCMP+TKIP][ESS]
NETGEAR56,6c:b0:ce:0b:83:3e,[WPA2-PSK-CCMP][WPS][ESS]
ASUS,30:85:a9:8b:91:bc,[WPA-PSK-CCMP+TKIP][WPA2-PSK-CCMP+TKIP][WPS][ESS]
2WIRE942,00:1a:c4:b3:38:61,[WEP][ESS]
Mr Brown12 new,1c:af:f7:d0:bb:63,[WPS][WEP][ESS]
belkin.c4e,08:86:3b:5a:0c:4e,[WPA-PSK-CCMP][WPA2-PSK-CCMP][WPS][ESS]
Ramachandran,98:fc:11:4f:2f:fa,[WPA-PSK-CCMP+TKIP][WPA2-PSK-CCMP+TKIP][WPS][ESS]
BliZil_ACE,c0:c1:c0:8b:ed:f3,[WPA-PSK-CCMP+TKIP][WPA2-PSK-CCMP+TKIP][WPS][ESS]
Fantastic4,00:23:69:c5:cb:94,[WPA2-PSK-CCMP][WPS][ESS]
Jasleen,c0:c1:c0:8d:9b:15,[WPA-PSK-CCMP+TKIP][WPA2-PSK-CCMP+TKIP][WPS][ESS]
Slowman,88:1f:a1:44:99:8e,[WPA2-PSK-CCMP][ESS]
NETGEAR48,20:e5:2a:65:9c:a8,[WPA2-PSK-CCMP][WPS][ESS]
LosPollosHermanos,14:35:8b:0c:a7:50,[WPA-PSK-CCMP][ESS]
Jasleen-guest,c0:c1:c0:8d:9b:16,[ESS]
NETGEAR21,6c:b0:ce:29:c6:4f,[WPA2-PSK-CCMP][WPS][ESS]
NETGEAR54-5G,44:94:fc:3f:8e:0a,[WPA2-PSK-CCMP][WPS][ESS]
Get Your Own Internet,ac:7f:3e:ed:7d:7c,[WPA2-PSK-CCMP][ESS]
BurtAndFriends,c4:6e:1f:7f:0f:e6,[WPA-PSK-CCMP][WPA2-PSK-CCMP][WPS][ESS]
belkin.56f,b4:75:0e:ee:c5:6f,[WPA-PSK-CCMP][WPA2-PSK-CCMP][WPS][ESS]
NETGEAR36,10:0d:7f:71:c8:0e,[WPA2-PSK-CCMP][WPS][ESS]
NETGEAR-Guest,26:e5:2a:65:9c:a8,[WPA2-PSK-CCMP][ESS]
Password is Taco,44:94:fc:97:72:66,[WPA2-PSK-CCMP][WPS][ESS]
medialink,14:35:8b:0d:94:94,[WPA-PSK-CCMP+TKIP][WPA2-PSK-CCMP+TKIP][ESS]
NETGEAR98,44:94:fc:8c:2b:8a,[WPA2-PSK-CCMP][WPS][ESS]
FancyPuppy,20:aa:4b:12:b8:7c,[WPA-PSK-CCMP+TKIP][WPA2-PSK-CCMP+TKIP][WPS][ESS]
Twerk4Tuition,ec:1a:59:03:59:aa,[WPA-PSK-CCMP][WPA2-PSK-CCMP][WPS][ESS]
JUSTINHUANG_Network,ac:22:0b:d3:7c:c4,[WPA2-PSK-CCMP][WPS][ESS]
Naruto's router,20:aa:4b:27:c6:42,[WPA2-PSK-CCMP][WPS][ESS]
FancyPuppy-guest,20:aa:4b:12:b8:7d,[ESS]
HP-nomodel.7F7C16,02:21:01:58:a1:56,[IBSS]
insta : C7RS,94:10:3e:38:19:d2,[WPA-PSK-CCMP][WPA2-PSK-CCMP][WPS][ESS]
insta : C7RS.media,94:10:3e:38:0b:e2,[WPA-PSK-CCMP][WPA2-PSK-CCMP][WPS][ESS]
408,44:94:fc:3f:8e:0b,[WPA2-PSK-CCMP][WPS][ESS]
FBI Surveillance Van 2,48:f8:b3:ab:98:07,[WPA2-PSK-CCMP][WPS][ESS]
Meena.Riverside,b4:75:0e:26:49:18,[WPA2-PSK-CCMP][WPS][ESS]
ITS MINE,68:1c:a2:01:54:32,[WPA-PSK-CCMP+TKIP][WPA2-PSK-CCMP+TKIP][WPS][ESS]
The Promised Lan,c4:04:15:17:5e:46,[WPA2-PSK-CCMP][WPS][ESS]
belkin.7e4,08:86:3b:fa:e7:e4,[WPA2-PSK-CCMP][WPS][ESS]
Shhhhhhh,58:6d:8f:4d:b8:a2,[WPA-PSK-CCMP+TKIP][WPA2-PSK-CCMP+TKIP][WPS][ESS]
NETGEAR55-5G,2c:b0:5d:2b:1d:72,[WPA2-PSK-CCMP][WPS][ESS]
Martinez,2c:b0:5d:2b:1d:73,[WPA2-PSK-CCMP][WPS][ESS]
vimal2608,94:10:3e:17:e1:82,[WPA-PSK-TKIP][WPA2-PSK-CCMP][WPS][ESS]
Bokaka-5G,4c:60:de:2a:24:ca,[WPA2-PSK-CCMP][WPS][ESS]
belkin.03a.media,ec:1a:59:63:10:3c,[WPA2-PSK-CCMP][WPS][ESS]
FBI Surveillance Van 5,48:f8:b3:ab:98:09,[WPA2-PSK-CCMP][WPS][ESS]
NETGEAR74-5G,6c:b0:ce:40:60:e1,[WPA2-PSK-CCMP][WPS][ESS]
Shhhhhhh-guest,58:6d:8f:4d:b8:a3,[ESS]
HP-Print-B7-ENVY 4500 series,f0:92:1c:87:c1:b7,[WPA2-PSK-CCMP][ESS]
American BBQ Chicken,6c:b0:ce:26:7e:70,[WPA2-PSK-CCMP][WPS][ESS]
WHATUPBRUH,28:10:7b:ef:9e:e4,[WPA-PSK-CCMP+TKIP][WPA2-PSK-CCMP+TKIP][WPS][ESS]
Welcome To Vegas,68:7f:74:b7:02:1e,[WPA-PSK-CCMP+TKIP][WPA2-PSK-CCMP+TKIP][WPS][ESS]
CamilleD,ec:1a:59:ab:84:c7,[WPA2-PSK-CCMP][WPS][ESS]
bluemountain,68:7f:74:c8:be:b5,[WPA-PSK-CCMP+TKIP][WPA2-PSK-CCMP+TKIP][WPS][ESS]
NETGEAR46,20:0c:c8:17:62:c2,[WPA2-PSK-CCMP][WPS][ESS]
webster,00:11:50:0d:d8:55,[WEP][ESS]
Cisco23961-guest,96:10:3e:17:e1:80,[ESS]
bluemountain-guest,68:7f:74:c8:be:b6,[ESS]
WIFI SUCKS (/ T__T)/  |____|,58:6d:8f:91:e9:a8,[WPA-PSK-CCMP+TKIP][WPA2-PSK-CCMP+TKIP][WPS][ESS]
Thugnasty69,08:86:3b:f0:6d:14,[WPA-PSK-CCMP][WPA2-PSK-CCMP][WPS][ESS]
sohnmbp,f8:d1:11:5b:6e:38,[WPA2-PSK-TKIP][ESS]
solitude,60:a4:4c:d3:b6:c0,[WPA2-PSK-CCMP][WPS][ESS]
belkin.3e5,ec:1a:59:a8:33:e5,[WPA2-PSK-CCMP][WPS][ESS]
XtraClip4TheJohnnies,ec:1a:59:24:67:a0,[WPA2-PSK-CCMP][WPS][ESS]
HogwartsExpress,48:d7:05:ee:c7:62,[WPA2-PSK-CCMP][ESS]
Supanita,48:f8:b3:38:b4:af,[WPA-PSK-CCMP+TKIP][WPA2-PSK-CCMP+TKIP][WPS][ESS]
NETGEAR95-5G,84:1b:5e:39:29:ac,[WPA2-PSK-CCMP][WPS][ESS]
sjsha_000,90:72:40:11:95:24,[WPA2-PSK-CCMP][ESS]
belkin.268.media,ec:1a:59:a3:b2:6a,[WPA2-PSK-CCMP][WPS][ESS]
TP-LINK_E04E00,ec:17:2f:e0:4e:00,[WPA-PSK-CCMP][WPA2-PSK-CCMP][ESS]
MyCharterWiFi23-5G,6c:b0:ce:b5:98:22,[WPA2-PSK-CCMP][WPS][ESS]
belkin.064.media,94:10:3e:54:d0:66,[WPA2-PSK-CCMP][WPS][ESS]
charles wifi,90:f6:52:48:4c:8c,[WPA-PSK-CCMP][WPA2-PSK-CCMP][ESS]
Gabrielle,b0:48:7a:20:f5:8a,[WPA-PSK-CCMP][WPA2-PSK-CCMP][WPS][ESS]
Belkin_N+_623F64,00:22:75:62:3f:64,[WPA-PSK-CCMP][WPA2-PSK-CCMP][WPS][ESS]
Belkin_088ADA,08:86:3b:08:8a:da,[WPA-PSK-CCMP+TKIP][WPA2-PSK-CCMP+TKIP][WPS][ESS]
Aegis,00:13:10:ec:8a:f4,[WPA-PSK-TKIP][ESS]
Suss,00:26:bb:77:ee:52,[WPA-PSK-TKIP][WPA2-PSK-CCMP+TKIP][ESS]
2WIRE692,3c:ea:4f:8e:5b:51,[WPA-PSK-CCMP+TKIP][WPA2-PSK-CCMP+TKIP][ESS]
305witDaBBC,6c:b0:ce:26:57:dc,[WPA2-PSK-CCMP][WPS][ESS]
NETGEAR85,04:a1:51:ab:8f:41,[WPA2-PSK-CCMP][ESS]
Hobo Sex Dungeon,00:12:17:b0:ee:d4,[WPA-PSK-TKIP][ESS]
Touch My Body,e8:de:27:d8:79:fa,[WPA-PSK-CCMP][WPA2-PSK-CCMP][WPS][ESS]
Tobunga,14:35:8b:05:b6:88,[WPA2-PSK-CCMP][WPS][ESS]
CoolNetwork,e8:fc:af:9f:f8:1f,[WPA2-PSK-CCMP][WPS][ESS]
NETGEAR-DualBand-N,30:46:9a:89:81:42,[WPA-PSK-CCMP+TKIP][WPA2-PSK-CCMP+TKIP][WPS][ESS]
Chinamen,00:0f:66:d1:f5:56,[WPA-PSK-TKIP][ESS]
NETGEAR86-5G,04:a1:51:81:61:00,[WPA2-PSK-CCMP][WPS][ESS]
Palace of bitches,94:44:52:d6:e6:c0,[WPA-PSK-CCMP+TKIP][WPA2-PSK-CCMP+TKIP][WPS][ESS]
IE. Corp,04:a1:51:a8:5e:ae,[WPA2-PSK-CCMP][WPS][ESS]
Hide yo kids hide yo wifi-5G,84:1b:5e:43:43:99,[WPA2-PSK-CCMP][WPS][ESS]
TeLaMetieron,20:4e:7f:1f:78:0c,[WPA2-PSK-CCMP][WPS][ESS]
2WIRE618,74:9d:dc:08:3e:f9,[WPA-PSK-CCMP+TKIP][WPA2-PSK-CCMP+TKIP][ESS]
TeLaMetieron-5G,20:4e:7f:1f:78:0b,[WPA2-PSK-CCMP][WPS][ESS]
Cisco_0FCA9334,18:55:0f:ca:93:35,[WPA2-PSK-CCMP][WPS][ESS]
belkin.080.guests,b4:75:0e:2b:c0:83,[ESS]
AndroidAP,60:21:c0:bb:1d:6c,[WPA2-PSK-CCMP][ESS]
DanaFawaz,b4:75:0e:2b:c0:80,[WPA-PSK-CCMP+TKIP][WPA2-PSK-CCMP+TKIP][WPS][ESS]
NETGEAR15-5G,04:a1:51:9b:df:86,[WPA2-PSK-CCMP][WPS][ESS]
MyCharterWiFi58-5G,6c:b0:ce:9c:67:57,[WPA2-PSK-CCMP][WPS][ESS]
MyCharterWiFif1-2G,6c:b0:ce:44:8f:f1,[WPA2-PSK-CCMP][WPS][ESS]
2WIRE948,94:c1:50:50:a4:61,[WPA-PSK-CCMP+TKIP][WPA2-PSK-CCMP+TKIP][ESS]
MyCharterWiFi0b-2G,04:a1:51:d8:06:0b,[WPA2-PSK-CCMP][WPS][ESS]
MyCharterWiFi58-2G,6c:b0:ce:9c:67:58,[WPA2-PSK-CCMP][WPS][ESS]
RainyDays,00:22:75:62:49:14,[WPA-PSK-CCMP+TKIP][WPA2-PSK-CCMP+TKIP][WPS][ESS]
ATTeimrrCI,78:96:84:19:9f:70,[WPA-PSK-CCMP+TKIP][WPA2-PSK-CCMP+TKIP][ESS]
Tixtla1810-guest,58:6d:8f:a2:bd:72,[ESS]
Jamal Wifi,ec:1a:59:86:d4:f3,[WPA2-PSK-CCMP][WPS][ESS]
2WIRE191,00:22:a4:ef:05:59,[WPA-PSK-CCMP+TKIP][WPA2-PSK-CCMP+TKIP][ESS]
2WIRE075,00:24:56:82:b0:d9,[WPA-PSK-CCMP+TKIP][WPA2-PSK-CCMP+TKIP][ESS]
Mukaka,4c:60:de:2a:24:cb,[WPA2-PSK-CCMP][WPS][ESS]
2WIRE723,00:24:56:a4:92:39,[WPA-PSK-CCMP+TKIP][WPA2-PSK-CCMP+TKIP][ESS]
MyCharterWiFif1-5G,6c:b0:ce:44:8f:f0,[WPA2-PSK-CCMP][WPS][ESS]
peanut,00:18:39:f4:e1:2f,[WEP][ESS]
TMF,70:56:81:ca:d3:65,[WPA2-PSK-CCMP][ESS]
NETGEAR79,06:a1:51:d1:cf:e7,[WPA2-PSK-CCMP][WPS][ESS]
Tixtla1810,58:6d:8f:a2:bd:70,[WPA-PSK-CCMP+TKIP][WPA2-PSK-CCMP+TKIP][WPS][ESS]
Office54g,00:1c:df:18:74:d2,[WPA-PSK-TKIP][ESS]
NETGEAR79-5G,06:a1:51:d1:cf:e6,[WPA2-PSK-CCMP][WPS][ESS]
Sonne-5G,c4:04:15:14:8f:a3,[WPA2-PSK-CCMP][WPS][ESS]
EliteAthletes,c8:b3:73:4e:d3:e0,[WPA-PSK-CCMP+TKIP][WPA2-PSK-CCMP+TKIP][WPS][ESS]
MyCharterWiFi15-2G,e8:fc:af:9b:92:15,[WPA2-PSK-CCMP][WPS][ESS]
ATT544,60:fe:20:0d:d0:8a,[WPA-PSK-CCMP+TKIP][WPA2-PSK-CCMP+TKIP][ESS]
belkin.aa4.media,94:10:3e:6c:8a:a6,[WPA-PSK-CCMP+TKIP][WPA2-PSK-CCMP+TKIP][WPS][ESS]
Identity-Theft-System-3,48:f8:b3:00:3d:a6,[WPA2-PSK-CCMP][WPS][ESS]
2WIRE859,28:16:2e:a3:82:d1,[WPS][WEP][ESS]
MyCharterWiFi64-5G,08:bd:43:c2:ee:66,[WPA2-PSK-CCMP][WPS][ESS]
DIRECT-roku-95AED4,dc:3a:5e:47:32:d7,[WPA2-PSK-CCMP][WPS][ESS][P2P]
2WIRE308,98:2c:be:fc:76:f9,[WPA-PSK-CCMP+TKIP][WPA2-PSK-CCMP+TKIP][ESS]
wangcai,00:1e:e5:34:d3:8f,[WPA2-PSK-CCMP][ESS]
Red Velvet,00:21:29:63:da:f5,[WPA-PSK-CCMP+TKIP][WPA2-PSK-CCMP+TKIP][WPS][ESS]
NETGEAR06,c4:04:15:22:c2:e6,[WPA2-PSK-CCMP][WPS][ESS]
2WIRE975,00:24:56:df:50:61,[WPA-PSK-CCMP+TKIP][WPA2-PSK-CCMP+TKIP][ESS]
flamez,6e:b0:ce:26:57:dc,[WPA-PSK-CCMP+TKIP][WPA2-PSK-CCMP+TKIP][ESS]
sultan,6c:b0:ce:26:56:f8,[WPA2-PSK-CCMP][WPS][ESS]
luonelu,20:0c:c8:47:af:85,[WPA2-PSK-CCMP][WPS][ESS]
LilithIveran,1c:7e:e5:30:d4:6c,[WPA-PSK-CCMP+TKIP][WPS][ESS]
EliteAthletes-guest,c8:b3:73:4e:d3:e1,[ESS]
Free Detainee WiFi,d8:fe:e3:80:3a:e0,[WPA-PSK-CCMP+TKIP][WPA2-PSK-CCMP+TKIP][WPS][ESS]
belkin.268.guests,ee:1a:59:a3:b2:69,[WPS][ESS]
Ygnition Hotspot,00:03:52:e7:93:40,[ESS]
Is She Down?,ec:1a:59:a3:b2:68,[WPA2-PSK-CCMP][WPS][ESS]
Jonnyboy,44:94:fc:71:b6:b2,[WPA2-PSK-CCMP][WPS][ESS]
TP-LINK_5GHz_B86077,e8:de:27:b8:60:77,[WPA-PSK-CCMP][WPA2-PSK-CCMP][WPS][ESS]
You Know You Want This,ec:1a:59:63:10:3a,[WPA2-PSK-CCMP][WPS][ESS]
vimal2608-guest,96:10:3e:17:e1:80,[ESS]
LNET,00:18:e7:d2:8a:8e,[WPA-PSK-CCMP+TKIP][WPA2-PSK-CCMP+TKIP][WPS][ESS]
WE HATE RANDY,28:c6:8e:8c:6b:a8,[WPA2-PSK-CCMP][WPS][ESS]
kh,b4:75:0e:7a:95:f2,[WPA2-PSK-CCMP][WPS][ESS]
belkin.a5b,ec:1a:59:8b:ba:5b,[WPA2-PSK-CCMP][WPS][ESS]
206A,00:22:6b:42:45:17,[WPA-PSK-CCMP+TKIP][WPA2-PSK-CCMP+TKIP][WPS][ESS]
NETGEAR61-5G,6c:b0:ce:42:17:6c,[WPA2-PSK-CCMP][WPS][ESS]
belkin.458.media,94:10:3e:56:b4:5a,[WPA2-PSK-CCMP][WPS][ESS]
fuck.ucr,c0:4a:00:59:1b:32,[WPA-PSK-CCMP][WPA2-PSK-CCMP][WPS][ESS]
NETGEAR53-5G,44:94:fc:f1:db:09,[WPA2-PSK-CCMP][WPS][ESS]
Greene,00:1b:2f:d8:b2:c5,[WPA-PSK-TKIP][WPA2-PSK-CCMP][ESS]
raj mahal,00:18:39:5c:c6:f6,[WPA-PSK-CCMP+TKIP][WPA2-PSK-CCMP+TKIP][ESS]
SFFCU-Riverside,10:0d:7f:46:6c:e0,[ESS]
BapaNet-guest,20:aa:4b:a4:76:c3,[ESS]
shalexkimshri,4c:60:de:d7:7b:59,[WPA2-PSK-CCMP][WPS][ESS]
SurveillanceVan023,20:4e:7f:06:c0:09,[WPA2-PSK-CCMP][WPS][ESS]
don&#39;t link me,20:0c:c8:36:9d:e5,[WPA2-PSK-CCMP][WPS][ESS]
Drop_It_Like_Its_Hotspot.media,b4:75:0e:25:90:88,[WPA2-PSK-CCMP][WPS][ESS]
Lollicup Riverside,00:02:6f:b9:93:e2,[WPA2-PSK-CCMP+TKIP][ESS]
Drop_It_Like_Its_Hotspot,b4:75:0e:25:90:86,[WPA2-PSK-CCMP][WPS][ESS]
@Home1337,00:19:a9:ce:3c:b0,[WPA-PSK-TKIP][ESS]
tmobile,00:19:a9:ce:3c:b2,[ESS]
DYNASTY WIRELESS,00:13:49:bb:10:e5,[ESS]
Shakeys,00:13:49:45:c9:7e,[ESS]
Frice WiFi,30:60:23:97:29:40,[WEP][ESS]
Belkin.3E91,94:44:52:a9:1e:91,[WPA-PSK-CCMP][WPA2-PSK-CCMP][WPS][ESS]
netgear,30:46:9a:54:c8:52,[WPA-PSK-CCMP+TKIP][WPA2-PSK-CCMP+TKIP][WPS][ESS]
ohnyoo,6c:b0:ce:01:dd:47,[WPA2-PSK-CCMP][WPS][ESS]
endternet,00:1e:e5:21:73:f8,[WPA2-PSK-CCMP][ESS]
BOB 2.0,d8:50:e6:a9:85:60,[WPA2-PSK-CCMP][WPS][ESS]
TRENDYAH18_ML,14:35:8b:11:3c:fc,[WPA-PSK-CCMP+TKIP][WPA2-PSK-CCMP+TKIP][ESS]
TRLAU PUBLIC,e2:91:f5:6b:e9:51,[WPA2-PSK-CCMP][ESS]
TRLAU,e0:91:f5:6b:e9:50,[WPA2-PSK-CCMP][WPS][ESS]
Tablet,c8:3a:35:f7:7c:f8,[WPA-PSK-TKIP][ESS]
A407,e8:fc:af:a5:96:2c,[WPA2-PSK-CCMP][WPS][ESS]
MobiusOctomberlqs,c4:6e:1f:7b:28:72,[WPA2-PSK-CCMP][WPS][ESS]
HP-Print-0D-Photosmart 6520,d4:c9:ef:56:99:0d,[WPA2-PSK-CCMP][ESS]
Alysa's Wifiii,e8:de:27:f9:69:5c,[WPA2-PSK-CCMP][WPS][ESS]
Zero Broadcast,6c:b0:ce:14:c7:e1,[WPA2-PSK-CCMP][WPS][ESS]
blueocean,08:86:3b:b1:6c:39,[WPA-PSK-CCMP][WPA2-PSK-CCMP][WPS][ESS]
2WIRE231,64:0f:28:fa:ef:b9,[WPA-PSK-CCMP+TKIP][WPA2-PSK-CCMP+TKIP][ESS]
NETGEAR08,20:0c:c8:06:f7:ff,[WPA2-PSK-CCMP][WPS][ESS]
NetGear,68:1c:a2:00:33:c2,[WPA-PSK-CCMP][WPA2-PSK-CCMP][WPS][ESS]
NETGEAR68-5G,e8:fc:af:a5:96:2b,[WPA2-PSK-CCMP][WPS][ESS]
2WIRE501,64:0f:29:0d:45:a9,[WPA-PSK-CCMP+TKIP][WPA2-PSK-CCMP+TKIP][ESS]
Verizon-MiFi5510L-45F3,00:15:ff:8e:45:f3,[WPA2-PSK-CCMP][ESS]
EliasPita-guest,26:aa:4b:8d:e5:30,[ESS]
EliasPita,20:aa:4b:8d:e5:30,[WPA2-PSK-CCMP][WPS][ESS]
2WIRE964,3c:ea:4f:8b:c8:39,[WPA-PSK-CCMP+TKIP][WPA2-PSK-CCMP+TKIP][ESS]
serviceswifi,00:11:74:46:bb:60,[WPA-PSK-CCMP+TKIP][WPA2-PSK-CCMP+TKIP][ESS]
2WIRE342,28:16:2e:59:8e:09,[WPA-PSK-CCMP+TKIP][WPA2-PSK-CCMP+TKIP][ESS]
Comfort INN AP-3,00:15:e9:c1:c3:f0,[ESS]
iHub_00603505c45e,00:0e:8f:94:7a:66,[WPA2-PSK-CCMP][ESS]
2WIRE744,c0:83:0a:ae:cb:71,[WPA-PSK-CCMP+TKIP][WPA2-PSK-CCMP+TKIP][ESS]
2WIRE364,00:22:a4:1c:95:09,[WPA-PSK-TKIP][ESS]
2WIRE935,b8:e6:25:1d:26:d9,[WPA-PSK-CCMP+TKIP][WPA2-PSK-CCMP+TKIP][ESS]
DorninRealtyNormandy,60:a4:4c:a1:55:08,[WPA2-PSK-CCMP][WPS][ESS]
2WIRE180,00:21:7c:89:10:41,[WPA-PSK-CCMP+TKIP][WPA2-PSK-CCMP+TKIP][ESS]
2WIRE808,00:26:50:74:8b:29,[WPA-PSK-CCMP+TKIP][WPA2-PSK-CCMP+TKIP][ESS]
myLGNetF3E7,10:f9:6f:f3:f3:e5,[WEP][ESS]
PHwifi,00:11:74:46:bb:61,[WPA-PSK-CCMP+TKIP][WPA2-PSK-CCMP+TKIP][ESS]
Pizza Hut Guest WiFi,00:11:74:46:bb:62,[ESS]
TARTAR,c0:3f:0e:1e:67:ca,[WPA-PSK-CCMP+TKIP][WPA2-PSK-CCMP+TKIP][WPS][ESS]
GZA,90:72:40:23:99:b2,[WPA2-PSK-CCMP][ESS]
LargeDeer,c0:c1:c0:91:36:79,[WPA-PSK-CCMP+TKIP][WPA2-PSK-CCMP+TKIP][WPS][ESS]
LargeDeer-guest,c0:c1:c0:91:36:7a,[ESS]
jerry2,00:90:7f:86:7b:f7,[WPA-PSK-CCMP+TKIP][ESS]
JAMIE'S Wireless,00:1d:d3:8b:47:e0,[WPA2-PSK-CCMP][WPS][ESS]
Zoomf6a0,00:1c:7b:f3:9a:b9,[WPA-PSK-CCMP+TKIP][WPA2-PSK-CCMP+TKIP][WPS][ESS]
Rissmora,08:86:3b:3f:6a:12,[WPA-PSK-CCMP][WPA2-PSK-CCMP][WPS][ESS]
DDW3653F,00:00:00:00:00:00,[WPA2-PSK-CCMP][WPS][ESS]
League of Hunnies,e0:3f:49:0c:21:08,[WPA2-PSK-CCMP][WPS][ESS]
routergb-guest,c8:d7:19:cf:f8:01,[ESS]
SkYnEt,00:22:6b:e9:e2:ab,[WPA2-PSK-CCMP-preauth][WPS][ESS]
DogPound42,d8:50:e6:d9:35:30,[WPA2-PSK-CCMP][WPS][ESS]
Ludhiana4Lyfe,c0:c1:c0:e9:8b:57,[WPA-PSK-CCMP+TKIP][WPA2-PSK-CCMP+TKIP][WPS][ESS]
Ludhiana4Lyfe-guest,c0:c1:c0:e9:8b:58,[ESS]
belkin.660.media,ec:1a:59:9a:f6:62,[WPA2-PSK-CCMP][WPS][ESS]
TeamPalmPlace,c8:b3:73:1a:b4:53,[WPA-PSK-CCMP+TKIP][WPA2-PSK-CCMP+TKIP][WPS][ESS]
MyCharterWiFi7c-2G,e8:fc:af:9f:f8:7c,[WPA2-PSK-CCMP][WPS][ESS]
2WIRE187,00:26:50:5f:1d:51,[WPA-PSK-CCMP+TKIP][WPA2-PSK-CCMP+TKIP][ESS]
NETGEAR54,04:a1:51:81:9a:6d,[WPA2-PSK-CCMP][WPS][ESS]
NETGEAR58,6c:b0:ce:26:3a:80,[WPA2-PSK-CCMP][WPS][ESS]
Jarvis,20:aa:4b:bb:0f:0d,[WPA-PSK-CCMP+TKIP][WPA2-PSK-CCMP+TKIP][WPS][ESS]
SANDRA's MacBook Pro,20:c9:d0:ba:53:6d,[ESS]
MyCharterWiFi9f-5G,6c:b0:ce:44:81:9e,[WPA2-PSK-CCMP][WPS][ESS]
2WIRE470,28:16:2e:bf:e4:99,[WPA-PSK-CCMP+TKIP][WPA2-PSK-CCMP+TKIP][ESS]
MyCharterWiFi30-2G,c4:04:15:0e:bf:30,[WPA2-PSK-CCMP][WPS][ESS]
belkin.6f5,ec:1a:59:a2:c6:f5,[WPA2-PSK-CCMP][WPS][ESS]
2WIRE617,00:1b:5b:46:25:19,[WPA-PSK-CCMP+TKIP][WPA2-PSK-CCMP+TKIP][ESS]
NETGEAR29-5G,04:a1:51:81:8c:fb,[WPA2-PSK-CCMP][WPS][ESS]
charterwifi,c4:04:15:90:18:e3,[WPA2-PSK-CCMP][WPS][ESS]
acedentalgroup,00:24:c9:b8:d7:b0,[WEP][ESS]
belkin.b3e,b4:75:0e:23:8b:3e,[WPA2-PSK-CCMP][WPS][ESS]
V-Guest,1a:5b:0e:5f:2f:30,[ESS]
MyCharterWiFidc-2G,e8:fc:af:9f:e3:dc,[WPA2-PSK-CCMP][WPS][ESS]
Catisknow,84:1b:5e:6d:c7:a8,[WPA2-PSK-CCMP][WPS][ESS]
Spolky,6c:b0:ce:44:90:1e,[WPA2-PSK-CCMP][WPS][ESS]
2WIRE809,60:c3:97:06:7f:41,[WPA-PSK-CCMP+TKIP][WPA2-PSK-CCMP+TKIP][ESS]
GetOFFMyWiFi,6c:b0:ce:32:6c:a8,[WPA2-PSK-CCMP][WPS][ESS]
Just For me,68:7f:74:0e:b5:aa,[WPA-PSK-CCMP+TKIP][WPA2-PSK-CCMP+TKIP][WPS][ESS]
belkin.726.guests,ee:1a:59:09:c7:27,[WPS][ESS]
Apartment Wifi,ec:1a:59:0b:25:6e,[WPA2-PSK-CCMP][WPS][ESS]
ScottyWiFi,04:a1:51:c0:c1:13,[WPA2-PSK-CCMP][ESS]
Simba-Lounge,c4:3d:c7:48:95:10,[WPA-PSK-CCMP+TKIP][WPA2-PSK-CCMP+TKIP][WPS][ESS]
Sterling,00:09:0f:4e:f3:91,[WPA-PSK-CCMP+TKIP][WPA2-PSK-CCMP+TKIP-preauth][ESS]
MyCharterWiFie4-2G,6c:b0:ce:a3:d7:e4,[WPA2-PSK-CCMP][WPS][ESS]
LKF,c0:a0:bb:ec:60:a5,[WPA-PSK-CCMP+TKIP][WPA2-PSK-CCMP+TKIP-preauth][WPS][ESS]
Linksys08131,98:fc:11:f2:cb:66,[WPA2-PSK-CCMP][WPS][ESS]
ATT112,64:0f:28:ca:62:f2,[WPA-PSK-CCMP+TKIP][WPA2-PSK-CCMP+TKIP][ESS]
NETGEAR64-5G,44:94:fc:56:5d:e1,[WPA2-PSK-CCMP][WPS][ESS]
ZTE_N9120,30:f3:1d:35:5c:be,[WPA2-PSK-CCMP][WPS][ESS]
HustleLife,04:a1:51:a7:28:4a,[WPA2-PSK-CCMP][ESS]
DIRECT-Cg-XT1031_81b6,14:30:c6:b7:89:7b,[WPA2-PSK-CCMP][WPS][ESS]
NETGEAR74,6c:b0:ce:40:60:e2,[WPA2-PSK-CCMP][WPS][ESS]
belkin.773,b4:75:0e:77:87:73,[WPA2-PSK-CCMP][WPS][ESS]
DHS Packet Sniffer,9c:d6:43:cf:59:22,[WPA-PSK-CCMP+TKIP][WPA2-PSK-CCMP+TKIP][WPS][ESS]
NETGEAR89-5G,e8:fc:af:97:c6:82,[WPA2-PSK-CCMP][WPS][ESS]
NETGEAR37-5G,c4:04:15:4c:26:94,[WPA2-PSK-CCMP][WPS][ESS]
blackbeauty,4c:e6:76:ab:cb:64,[WPA-PSK-CCMP][WPA2-PSK-CCMP][WPS][ESS]
NETGEAR25-5G,e8:fc:af:a7:49:a5,[WPA2-PSK-CCMP][WPS][ESS]
Kanto,88:1f:a1:42:3c:e0,[WPA2-PSK-CCMP][ESS]
HP-Print-DD-Photosmart 6520,2c:44:fd:5c:f9:dd,[ESS]
NETGEAR80-5G,10:0d:7f:8c:3e:65,[WPA2-PSK-CCMP][WPS][ESS]
2WIRE769,ac:5d:10:68:6a:69,[WPA-PSK-CCMP+TKIP][WPA2-PSK-CCMP+TKIP][ESS]
AllMusical,70:62:b8:2f:dc:64,[WPA-PSK-CCMP+TKIP][WPA2-PSK-CCMP+TKIP][WPS][ESS]
Cisco_10C8889F,bc:c8:10:c8:88:a0,[WPA2-PSK-CCMP][WPS][ESS]
belkin.a80,ec:1a:59:66:ba:80,[WPA-PSK-CCMP][WPA2-PSK-CCMP][WPS][ESS]
HP-Print-FA-ENVY 5530 series,64:51:06:6a:0e:fa,[ESS]
tea,c4:04:15:16:6e:3a,[WPA2-PSK-CCMP][WPS][ESS]
belkin.202,ec:1a:59:a7:04:39,[WPA2-PSK-CCMP][WPS][ESS]
Mereow,e8:de:27:bd:f6:22,[WPA2-PSK-CCMP][WPS][ESS]
firsttuesday,00:26:f2:fd:c1:89,[WPA-PSK-CCMP+TKIP][WPA2-PSK-CCMP+TKIP][WPS][ESS]
HP-Print-80-LaserJet 1102,70:18:8b:69:b2:80,[ESS]
We've seen you naked,00:1c:10:06:d5:b2,[WPA-PSK-TKIP][ESS]
walrus and whale,70:62:b8:2f:cc:e6,[WPA-PSK-CCMP+TKIP][WPA2-PSK-CCMP+TKIP][WPS][ESS]
MaWireless,1c:af:f7:cc:8d:0d,[WPA-PSK-CCMP+TKIP][WPA2-PSK-CCMP+TKIP][ESS]
ATT383,64:0f:28:ab:7a:32,[WPA-PSK-CCMP+TKIP][WPA2-PSK-CCMP+TKIP][ESS]
MyCharterWiFif2-5G,6c:b0:ce:a2:d4:f1,[WPA2-PSK-CCMP][WPS][ESS]
belkin.288,b4:75:0e:2c:92:88,[WPA-PSK-CCMP+TKIP][WPA2-PSK-CCMP+TKIP][WPS][ESS]
ATT645,60:fe:20:29:ad:0a,[WPA-PSK-CCMP+TKIP][WPA2-PSK-CCMP+TKIP][ESS]
Rivera's Network,00:22:6b:3f:27:df,[WPA-PSK-CCMP+TKIP][WPA2-PSK-CCMP+TKIP][WPS][ESS]
Alverson,94:62:69:76:3a:a0,[WEP][ESS]
fns-cl-5gv-s,00:15:6d:69:28:03,[ESS]
MyCharterWiFi95-5G,c4:04:15:1f:80:94,[WPA2-PSK-CCMP][WPS][ESS]
belkin.c28.5GHz,08:86:3b:10:7c:2a,[WPA2-PSK-CCMP][WPS][ESS]
ixyz,08:5b:0e:5f:2f:30,[WPA-PSK-CCMP][WPA2-PSK-CCMP-preauth][ESS]
Verizon-MiFi5510L-5B73,00:15:ff:89:5b:73,[WPA2-PSK-CCMP][ESS]
ATT488,58:56:e8:a7:81:60,[WPA-PSK-CCMP+TKIP][WPA2-PSK-CCMP+TKIP][ESS]
yeezus,08:86:3b:8c:99:44,[WPA-PSK-CCMP][WPA2-PSK-CCMP][WPS][ESS]
inmotion_L0460,00:80:48:47:6e:51,[WPA-PSK-TKIP][WPA2-PSK-TKIP][ESS]
NETGEAR27-5G,84:1b:5e:36:fa:f6,[WPA2-PSK-CCMP][WPS][ESS]
Mr. and Mrs. Rojas ,08:86:3b:d4:d8:64,[WPA-PSK-CCMP][WPA2-PSK-CCMP][WPS][ESS]
2WIRE899,3c:ea:4f:a7:50:59,[WPA-PSK-CCMP+TKIP][WPA2-PSK-CCMP+TKIP][ESS]
HP-Print-10-Deskjet 3520 series,28:92:4a:5b:f2:10,[ESS]
ChiefEnvy-2G,e8:fc:af:9f:f7:fe,[WPA2-PSK-CCMP][WPS][ESS]
Bliskush,b4:75:0e:1f:81:20,[WPA2-PSK-CCMP][WPS][ESS]
inmotion_F0147,00:80:48:4a:af:60,[WPA-PSK-TKIP][WPA2-PSK-TKIP][ESS]
Apple Network eeab16,48:d7:05:ee:ab:16,[WPA2-PSK-CCMP][ESS]
NETGEAR40-5G,c4:04:15:1a:9f:cc,[WPA2-PSK-CCMP][WPS][ESS]
NETGEAR09-5G,44:94:fc:36:a3:3d,[WPA2-PSK-CCMP][WPS][ESS]
NETGEAR_11ng_EXT,10:0d:7f:8b:5e:5c,[WPS][ESS]
Dukes Public WiFi,00:12:17:7b:8e:5c,[ESS]
NETGEAR45,44:94:fc:8d:32:44,[WPA2-PSK-CCMP][ESS]
I got the internet to work guise,48:f8:b3:0b:d8:ec,[WPA-PSK-CCMP+TKIP][WPA2-PSK-CCMP+TKIP][WPS][ESS]
2WIRE404,00:25:3c:3c:ee:21,[WPA-PSK-CCMP+TKIP][WPA2-PSK-CCMP+TKIP][ESS]
JADEN,24:0a:64:b7:9d:de,[WPA2-PSK-CCMP][ESS]
NETGEAR39,e4:f4:c6:ec:36:3d,[WPA2-PSK-CCMP][WPS][ESS]
farmerboys,b0:c5:54:d6:f5:1e,[ESS]
Haleyang,ec:1a:59:26:8f:eb,[WPA2-PSK-CCMP][WPS][ESS]
MyNetwork,e0:3f:49:ec:13:d7,[WPA2-PSK-CCMP][WPS][ESS]
MyCharterWiFi71-2G,6c:b0:ce:a3:de:71,[WPA2-PSK-CCMP][WPS][ESS]
dlink-6F90,c0:a0:bb:ec:6f:90,[WPA-PSK-CCMP+TKIP][WPA2-PSK-CCMP+TKIP-preauth][WPS][ESS]
2WIRE072,00:22:a4:25:5b:49,[WPA-PSK-CCMP+TKIP][WPA2-PSK-CCMP+TKIP][ESS]
lwallace,c0:c1:c0:06:a2:65,[WPA2-PSK-CCMP][ESS]
Arnett Network,00:26:5a:fc:6c:00,[WPA-PSK-CCMP+TKIP][WPA2-PSK-CCMP+TKIP][WPS][ESS]
jillvirginiavetter1991,22:59:f9:0d:6e:88,[WPA2-PSK-CCMP][ESS]
ATT2z968P8,cc:65:ad:20:dd:a0,[WPA-PSK-CCMP+TKIP][WPA2-PSK-CCMP+TKIP][ESS]
MyCharterWiFi71-5G,6c:b0:ce:a3:de:70,[WPA2-PSK-CCMP][WPS][ESS]
Princesa,00:24:b2:1a:45:dd,[WPA-PSK-TKIP][WPA2-PSK-CCMP][WPS][ESS]
Vo internet,e8:94:f6:50:29:9e,[WPA-PSK-CCMP][WPA2-PSK-CCMP][WPS][ESS]
Jp119-1,e8:fc:af:95:ac:d6,[WPA2-PSK-CCMP][WPS][ESS]
NETGEAR13-5G,04:a1:51:a3:2e:ab,[WPA2-PSK-CCMP][WPS][ESS]
SilverBear-guest,4e:f8:b3:a3:1e:43,[ESS]
Shrimp Noodles 2,98:fc:11:f3:c2:52,[WPA-PSK-CCMP+TKIP][WPA2-PSK-CCMP+TKIP][WPS][ESS]
MyCharterWiFi1a-5G,6c:b0:ce:a2:d4:19,[WPA2-PSK-CCMP][WPS][ESS]
Clopin,1c:7e:e5:30:70:24,[WPA-PSK-CCMP+TKIP][WPA2-PSK-CCMP+TKIP][WPS][ESS]
Cheaper,08:bd:43:c5:01:f3,[WPA2-PSK-CCMP][WPS][ESS]
K.S.,10:0d:7f:8f:48:b2,[WPA-PSK-CCMP+TKIP][WPA2-PSK-CCMP+TKIP][WPS][ESS]
MyCharterWiFi39-2G,6c:b0:ce:a3:bc:39,[WPA2-PSK-CCMP][WPS][ESS]
MyCharterWiFib6-5G,e8:fc:af:7b:67:b5,[WPA2-PSK-CCMP][WPS][ESS]
MyCharterWiFi46-5G,e8:fc:af:9f:f8:45,[WPA2-PSK-CCMP][WPS][ESS]
HP-Print-8B-Deskjet 3520 series,28:92:4a:67:94:8b,[WPA2-PSK-CCMP][ESS]
HDRS-D01GDNCV,ec:35:86:35:bd:a8,[ESS]
Spock,28:c6:8e:0c:cd:d7,[WPA2-PSK-CCMP][WPS][ESS]
T2,00:14:51:6f:9b:7b,[WPA2-PSK-CCMP][ESS]
MiFi4WiFi,00:15:ff:7a:b3:88,[WPA2-PSK-CCMP][ESS]
LDC_SAP_BRENDA,2a:b2:bd:ed:d6:72,[WPA2-PSK-CCMP][ESS]
videoweb3,00:21:91:04:55:07,[WPA2-PSK-CCMP][WPS][ESS]
Galaxy S5 4311,fc:c2:de:18:6b:3d,[WPA2-PSK-CCMP][ESS]
Intel-CP-1557,40:25:c2:86:47:ed,[WPA2-PSK-CCMP][WPS][ESS]
Feel Train,54:27:1e:97:6d:b7,[WPA2-PSK-CCMP][ESS]
Gina's MacBook Air,48:d7:05:d9:3d:3b,[ESS]
Belkin Ev,78:24:af:d5:3e:f8,[WPA2-PSK-CCMP][WPS][ESS]
EDIC_Network,38:83:45:80:8b:64,[WPA2-PSK-CCMP][WPS][ESS]
vCore-TPAA646333,a8:54:b2:73:cc:6d,[WPA2-PSK-CCMP][ESS]
Apple Airport Express,28:cf:e9:87:2c:ca,[WPA2-PSK-CCMP][ESS]
TeamPalmPlace-guest,c8:b3:73:1a:b4:54,[ESS]
CiscoA1343,c0:c1:c0:e9:8b:57,[WPS][ESS]
2WIRE966,64:0f:28:15:97:a9,[WPA-PSK-CCMP+TKIP][WPA2-PSK-CCMP+TKIP][ESS]
PS4-5F462A4C8693,b0:05:94:3c:bc:b1,[WPA2-PSK-CCMP][ESS]
NETGEAR17,6c:b0:ce:25:fc:a0,[WPA2-PSK-CCMP][WPS][ESS]
belkin.064.guests,94:10:3e:54:d0:67,[ESS]
trusted network,00:26:f2:12:51:be,[WPA-PSK-CCMP+TKIP][WPA2-PSK-CCMP+TKIP-preauth][ESS]
Samsung Galaxy S 5 2086,fc:c2:de:7c:3e:65,[WPA2-PSK-CCMP][ESS]
MyCharterWiFi50-2G,6c:b0:ce:a3:ba:50,[WPA2-PSK-CCMP][WPS][ESS]
HP-Print-1C-Deskjet 3520 series,c8:cb:b8:4d:c0:1c,[WPA2-PSK-CCMP][ESS]
ATTk87P6jA,94:62:69:52:a7:90,[WPA-PSK-CCMP+TKIP][WPA2-PSK-CCMP+TKIP][ESS]
I FREAKING LOVE OWLS,00:26:f2:96:ad:3b,[WPA2-PSK-CCMP][WPS][ESS]
FUCKTURKEYS,48:f8:b3:2b:8b:33,[WPA2-PSK-CCMP][WPS][ESS]
SoBA,e0:91:f5:b0:dd:00,[WPA-PSK-TKIP][WPS][ESS]
NikkiNellie,74:44:01:54:04:10,[WPA2-PSK-CCMP][WPS][ESS]
belkin.666.guests,08:86:3b:e0:06:67,[ESS]
JAyCuZh,00:e3:b2:ea:18:53,[WPA2-PSK-CCMP][ESS]
AuCalme,28:c6:8e:b2:f4:99,[WPA2-PSK-CCMP][WPS][ESS]
PLUR,c8:b3:73:45:7e:d8,[WPA-PSK-CCMP+TKIP][WPA2-PSK-CCMP+TKIP][WPS][ESS]
mmhr,52:16:d8:03:1d:36,[WPA2-PSK-CCMP][ESS]
Haleyang.5GHz,ec:1a:59:26:8f:ed,[WPA2-PSK-CCMP][WPS][ESS]
MyCharterWiFi23-2G,e8:fc:af:98:44:23,[WPA2-PSK-CCMP][WPS][ESS]
2WIRE499,28:16:2e:d0:bd:39,[WPA-PSK-CCMP+TKIP][WPA2-PSK-CCMP+TKIP][ESS]
Cisco_10D36EBD,bc:c8:10:d3:6e:be,[WPA2-PSK-CCMP][WPS][ESS]
ucrwpa.media,b4:75:0e:28:c6:08,[WPA2-PSK-CCMP][WPS][ESS]
ATT313,94:c1:50:da:5b:8a,[WPA-PSK-CCMP+TKIP][WPA2-PSK-CCMP+TKIP][ESS]
Angry Cat,84:1b:5e:d5:45:9e,[WPA2-PSK-CCMP][WPS][ESS]
DeepWeb,10:0d:7f:71:c8:59,[WPA2-PSK-CCMP][WPS][ESS]
Cisco_10CA2394,bc:c8:10:ca:23:95,[WPA2-PSK-CCMP][WPS][ESS]
2WIRE156,00:23:51:17:4f:a9,[WPA-PSK-CCMP+TKIP][WPA2-PSK-CCMP+TKIP][ESS]
ATT6t2B3R7,8c:7f:3b:50:91:10,[WPA-PSK-CCMP+TKIP][WPA2-PSK-CCMP+TKIP][ESS]
DeepWeb Xtreme,10:0d:7f:71:c8:58,[WPA2-PSK-CCMP][WPS][ESS]
NETGEAR67,04:a1:51:91:d5:81,[WPA2-PSK-CCMP][ESS]
ATT932,94:c1:50:da:45:ca,[WPA-PSK-CCMP+TKIP][WPA2-PSK-CCMP+TKIP][ESS]
NETGEAR75,84:1b:5e:2a:28:6e,[WPA2-PSK-CCMP][WPS][ESS]
carriedo,30:46:9a:9c:dd:1a,[WPA-PSK-CCMP+TKIP][WPA2-PSK-CCMP+TKIP][WPS][ESS]
MyCharterWiFi82-2G,e8:fc:af:83:c2:82,[WPA2-PSK-CCMP][WPS][ESS]
2WIRE542,74:9d:dc:12:a7:11,[WPA-PSK-CCMP+TKIP][WPA2-PSK-CCMP+TKIP][ESS]
belkin.b67,ec:1a:59:b8:cb:67,[WPA2-PSK-CCMP][WPS][ESS]
FancyMagnolia-guest,68:7f:74:95:dc:3c,[ESS]
T-Mobile,c0:25:5c:4e:94:b0,[WPA-EAP-TKIP][WPA2-EAP-CCMP][ESS]
WiFi Hotspot 9074,78:61:7c:60:f5:5e,[WPA2-PSK-CCMP+TKIP][ESS]
CJ_Network,c8:b3:73:56:67:dc,[WPA2-PSK-CCMP][WPS][ESS]
Linksys09546,c8:d7:19:51:34:75,[WPA2-PSK-CCMP][WPS][ESS]
NETGEAR_11na,10:0d:7f:46:6c:f0,[ESS]
NETGEAR14,04:a1:51:86:59:ea,[WPA2-PSK-CCMP][WPS][ESS]
Wifi Gains,e0:91:f5:f9:96:86,[WPA2-PSK-CCMP][WPS][ESS]
belkin.fe4,ec:1a:59:36:4f:e4,[WPA2-PSK-CCMP][WPS][ESS]
Banana,54:26:96:df:90:b1,[WPA2-PSK-CCMP][ESS]
MacBook Pro de Nuria,00:26:08:e1:8b:bb,[ESS]
Jake from StateFarm,e4:f4:c6:e0:5b:48,[WPA2-PSK-CCMP][WPS][ESS]
belkin.9aa.5GHz,ec:1a:59:03:59:ac,[WPA-PSK-CCMP][WPA2-PSK-CCMP][WPS][ESS]
HP-Print-DC-ENVY 4500 series,f0:92:1c:87:b7:dc,[WPA2-PSK-CCMP][ESS]
masterkey-guest,b4:75:0e:a1:c5:5c,[ESS]
WiFi Hotspot 3375,78:61:7c:5e:4e:2e,[WPA2-PSK-CCMP+TKIP][ESS]
2WIRE171,60:c3:97:2f:3a:f9,[WPA-PSK-CCMP+TKIP][WPA2-PSK-CCMP+TKIP][ESS]
Xiufeng_Zhang,94:44:52:64:7b:85,[WPA-PSK-CCMP][WPA2-PSK-CCMP][WPS][ESS]
Da-Joint,2c:b0:5d:3b:1d:9a,[WPA2-PSK-CCMP][WPS][ESS]
You cut me deep,e6:f4:c6:0e:d7:5b,[WPA2-PSK-CCMP][ESS]
MyCharterWiFia1-2G,c4:04:15:ad:89:a1,[WPA2-PSK-CCMP][ESS]
MoneyTree,00:25:9c:4a:f6:2b,[WPA-PSK-TKIP][ESS]
NETGEAR99,20:4e:7f:82:65:70,[WPA2-PSK-CCMP][WPS][ESS]
Uyen&An431,6c:b0:ce:bb:7d:ce,[WPA2-PSK-CCMP][WPS][ESS]
belkin.b74,ec:1a:59:32:7b:74,[WPA2-PSK-CCMP][WPS][ESS]
ATTfgBKPqs,3c:36:e4:fd:6e:70,[WPA-PSK-CCMP+TKIP][WPA2-PSK-CCMP+TKIP][ESS]
Shin-Ra Inc.,04:a1:51:90:aa:c1,[WPA2-PSK-CCMP][WPS][ESS]
NETGEAR88-5G,84:1b:5e:dc:da:bc,[WPA2-PSK-CCMP][WPS][ESS]
Buffalo-G-05F0,b0:c7:45:b9:05:f0,[WPA2-PSK-CCMP][WPS][ESS]
ATT788,60:fe:20:29:34:f2,[WPA-PSK-CCMP+TKIP][WPA2-PSK-CCMP+TKIP][ESS]
belkin.8ba,ec:1a:59:24:f8:ba,[WPA2-PSK-CCMP][WPS][ESS]
Getaway Cafe-guest,20:aa:4b:28:72:be,[ESS]
AUVSI-UCR,00:0c:41:d3:61:ec,[WEP][ESS]
Verizon-291LVW-84ED,d0:95:c7:31:84:ed,[WPA-PSK-CCMP+TKIP][WPA2-PSK-CCMP+TKIP][WPS][ESS]
7h3 Dung30n,00:1a:2b:3c:ff:02,[WPA2-PSK-CCMP][WPS][ESS]
HP-Print-fe-LaserJet 200,bc:85:56:3c:8a:fe,[WPA2-PSK-CCMP][ESS]
NETGEAR97-5G,04:a1:51:b2:b6:0e,[WPA2-PSK-CCMP][WPS][ESS]
NETGEAR18-5G,04:a1:51:a8:25:c2,[WPA2-PSK-CCMP][WPS][ESS]
MyCharterWiFi35-2G,c4:04:15:9d:32:35,[WPA2-PSK-CCMP][ESS]
merky,74:44:01:30:69:9e,[WPA-PSK-CCMP+TKIP][WPA2-PSK-CCMP+TKIP][WPS][ESS]
2WIRE615,2a:c6:8e:74:2b:6b,[WPA2-PSK-CCMP][ESS]
MyCharterWiFi26-2G,08:bd:43:ba:48:26,[WPA2-PSK-CCMP][ESS]
MyCharterWiFib6-2G,e8:fc:af:7b:67:b6,[WPA2-PSK-CCMP][WPS][ESS]
MyCharterWiFi9b-5G,c4:04:15:8f:4f:9d,[WPA2-PSK-CCMP][WPS][ESS]
MyCharterWiFi06-2G,e8:fc:af:7b:5d:06,[WPA2-PSK-CCMP][WPS][ESS]
MyCharterWiFi1d-5G,c4:04:15:a1:3b:1f,[WPA2-PSK-CCMP][WPS][ESS]
alejandra1,c4:3d:c7:2f:08:13,[WPA-PSK-CCMP+TKIP][WPA2-PSK-CCMP+TKIP][WPS][ESS]
MyCharterWiFi79-5G,6c:b0:ce:a2:d5:78,[WPA2-PSK-CCMP][WPS][ESS]
MyCharterWiFi6f-5G,6c:b0:ce:a3:d7:6e,[WPA2-PSK-CCMP][WPS][ESS]
NETGEAR90,28:c6:8e:b2:fa:95,[WPA2-PSK-CCMP][WPS][ESS]
Elevate-AA34,84:db:2f:17:aa:34,[WPA2-PSK-CCMP][WPS][ESS]
Hide yo kids hide your wi.media,ec:1a:59:99:b1:ee,[WPA2-PSK-CCMP][WPS][ESS]
ATT096,40:b7:f3:e1:27:c0,[WPA-PSK-CCMP+TKIP][WPA2-PSK-CCMP+TKIP][ESS]
LDC_SAP_POVERTY,ea:2a:ea:5d:87:ac,[WPA2-PSK-CCMP][ESS]
TP-LINK_663404,14:cf:92:66:34:04,[ESS]
videoweb6,00:21:91:04:51:31,[WPA2-PSK-CCMP][WPS][ESS]
HP-Print-FE-LaserJet 1102,08:ed:b9:15:c4:fe,[ESS]
HP-Print-99-LaserJet 200 color,e0:06:e6:31:92:99,[ESS]
MyCharterWiFi06-5G,e8:fc:af:7b:5d:05,[WPA2-PSK-CCMP][WPS][ESS]
MyCharterWiFib9-2G,08:bd:43:b0:e5:b9,[WPA2-PSK-CCMP][WPS][ESS]
HP-Print-80-Photosmart 5520,28:92:4a:06:4b:80,[WPA2-PSK-CCMP][ESS]
belkin.8d6.guests,ec:1a:59:13:58:d9,[ESS]
WIN-UIMC3IK9EMB-55790,40:25:c2:ba:29:f1,[WPA2-PSK-CCMP][WPS][ESS]
JP,6c:b0:ce:31:82:0b,[WPA2-PSK-CCMP][WPS][ESS]
MyCharterWiFi87-5G,6c:b0:ce:44:8a:86,[WPA2-PSK-CCMP][WPS][ESS]
Paul Revere,c0:3f:0e:45:3e:68,[WPA-PSK-CCMP+TKIP][WPA2-PSK-CCMP+TKIP][WPS][ESS]
ATT7H5s328,94:62:69:63:6d:80,[WPA-PSK-CCMP+TKIP][WPA2-PSK-CCMP+TKIP][ESS]
NETGEAR19,44:94:fc:63:f5:fb,[WPA2-PSK-CCMP][ESS]
Porquefi,28:c6:8e:7e:a1:cc,[WPA2-PSK-CCMP][WPS][ESS]
HP-Print-AB-Deskjet 3520 series,a0:b3:cc:dc:59:ab,[WPA2-PSK-CCMP][ESS]
MyCharterWiFi25-2G,20:0c:c8:25:96:25,[WPA2-PSK-CCMP][WPS][ESS]
MyCharterWiFi05-5G,6c:b0:ce:a7:dc:04,[WPA2-PSK-CCMP][WPS][ESS]
UCR-UAS,00:0c:41:d3:61:ec,[WPA2-PSK-TKIP][ESS]
TigreLab,00:14:d1:66:92:2e,[WPA2-PSK-TKIP][WPS][ESS]
LATTE-LAB-5GHz,c8:d7:19:2d:00:1d,[WPA-PSK-TKIP][WPA2-PSK-CCMP][WPS][ESS]
SurfPhys,e0:91:f5:74:07:de,[WPA2-PSK-CCMP][WPS][ESS]
Mr. and Mrs. Rojas,08:86:3b:d4:d8:65,[WPA-PSK-CCMP][WPA2-PSK-CCMP][ESS]
2WIRE447,ac:5d:10:84:b9:a9,[WPA-PSK-CCMP+TKIP][WPA2-PSK-CCMP+TKIP][ESS]
HP-Print-F5-ENVY 4500 series,8c:dc:d4:65:13:f5,[WPA2-PSK-CCMP][ESS]
NOT_UR_GMA's_WIFI-guest,4e:f8:b3:94:91:17,[ESS]
PoleI2PD,dc:9f:db:7e:68:03,[WPA2-PSK-CCMP+TKIP][ESS]
PS4-F879552E6DF5,e8:61:7e:83:4d:8f,[WPA2-PSK-CCMP][ESS]
HP-Print-62-ENVY 4500 series,a4:5d:36:9d:b1:62,[WPA2-PSK-CCMP][ESS]
belkin.8bc,ec:1a:59:66:48:bc,[WPA-PSK-CCMP][WPA2-PSK-CCMP][WPS][ESS]
Belkin.37D6,94:44:52:76:87:d6,[WPA2-PSK-CCMP][WPS][ESS]
freewifi,1c:1b:68:53:a7:90,[WEP][ESS]
NETGEAR41-5G,84:1b:5e:d8:80:85,[WPA2-PSK-CCMP][WPS][ESS]
MyCharterWiFi0a-2G,6c:b0:ce:2e:53:0a,[WPA2-PSK-CCMP][WPS][ESS]
TRiO,00:90:a9:cc:2e:26,[WPA-PSK-CCMP+TKIP][WPA2-PSK-CCMP+TKIP][WPS][ESS]
HP-Print-80-Officejet 6700,d4:c9:ef:ec:8f:80,[WPA2-PSK-CCMP][ESS]
belkin54g,00:11:50:f0:2c:1c,[WPA-PSK-TKIP][ESS]
Shams,48:f8:b3:01:7b:62,[WPA-PSK-CCMP+TKIP][WPA2-PSK-CCMP+TKIP][WPS][ESS]
MyCharterWiFi4e-5G,6c:b0:ce:a7:f9:4d,[WPA2-PSK-CCMP][WPS][ESS]
JM88,ac:5d:10:45:7f:a2,[WPA-PSK-CCMP+TKIP][WPA2-PSK-CCMP+TKIP][ESS]
Maxwell's iPhone,b2:72:40:76:94:1b,[WPA2-PSK-CCMP][ESS]
BRCM_TEST_SSID,00:10:18:f1:f2:f3,[ESS]
ATT065,ac:5d:10:ba:25:02,[WPA-PSK-CCMP+TKIP][WPA2-PSK-CCMP+TKIP][ESS]
Galaxy S5 7055,10:a5:d0:d1:64:b4,[WPA2-PSK-CCMP][ESS]
No JonSOU Zone,04:a1:51:bb:3b:dc,[WPA2-PSK-CCMP][WPS][ESS]
MyCharterWiFi10-2G,6c:b0:ce:44:92:10,[WPA2-PSK-CCMP][WPS][ESS]
NETGEAR02-5G,10:0d:7f:4c:67:a8,[WPA2-PSK-CCMP][WPS][ESS]
MyCharterWiFie3-5G,e8:fc:af:91:e6:e2,[WPA2-PSK-CCMP][WPS][ESS]
MyCharterWiFi18-2G,6c:b0:ce:44:8a:18,[WPA2-PSK-CCMP][WPS][ESS]
PS4-83BD3C0F854D,b0:05:94:2e:99:75,[WPA2-PSK-CCMP][ESS]
TheBossJulia,00:26:50:ee:c5:49,[WPA-PSK-CCMP+TKIP][WPA2-PSK-CCMP+TKIP][ESS]
bunny1,2c:b0:5d:42:b9:91,[WPA2-PSK-CCMP][WPS][ESS]
ATT6h7k8c9,8c:7f:3b:5d:40:10,[WPA-PSK-CCMP+TKIP][WPA2-PSK-CCMP+TKIP][ESS]
MountDoom.media,ec:1a:59:89:da:5a,[WPA2-PSK-CCMP][WPS][ESS]
belkin.25e.media,ec:1a:59:5c:b2:60,[WPA2-PSK-CCMP][WPS][ESS]
lolwhatsup,ec:1a:59:29:76:3c,[WPA2-PSK-CCMP][WPS][ESS]
PS3-9216963,f0:f0:02:fc:1a:48,[WPA-PSK-CCMP][ESS]
2WIRE008,00:24:56:ca:56:11,[WPA-PSK-CCMP+TKIP][WPA2-PSK-CCMP+TKIP][ESS]
2WIRE087,60:c3:97:aa:cd:29,[WPA-PSK-CCMP+TKIP][WPA2-PSK-CCMP+TKIP][ESS]
Pineapple Express,4c:60:de:3c:ac:cc,[WPA2-PSK-CCMP][WPS][ESS]
PutItInTheBake,44:94:fc:71:b7:1a,[WPA2-PSK-CCMP][WPS][ESS]
HP-Print-06-ENVY 5530 series,fc:15:b4:6d:3b:06,[WPA2-PSK-CCMP][ESS]
2WIRE483,98:2c:be:cf:cc:b1,[WPA-PSK-CCMP+TKIP][WPA2-PSK-CCMP+TKIP][ESS]
AMREPCR,00:a0:d5:12:14:ac,[WPA-PSK-TKIP][ESS]
belkin.666,08:86:3b:e0:06:66,[WPA-PSK-CCMP][WPA2-PSK-CCMP][WPS][ESS]
BillWi-the-SienceFi,08:bd:43:b2:cf:81,[WPA2-PSK-CCMP][ESS]
NETGEAR32,10:0d:7f:58:9b:18,[WPA2-PSK-CCMP][WPS][ESS]
NETGEAR63,28:c6:8e:a6:bc:aa,[WPA2-PSK-CCMP][WPS][ESS]
LGMS323 ,88:c9:d0:e7:e2:18,[WPA-PSK-CCMP+TKIP][ESS]
KissMe1,b4:75:0e:32:49:28,[WPA-PSK-TKIP][WPA2-PSK-CCMP][WPS][ESS]
GETOFFMYWIFI,6c:b0:ce:32:6c:a7,[WPA2-PSK-CCMP][WPS][ESS]
MotoVAP_M91404SA0923,30:60:23:1b:f9:07,[WPA2-PSK-CCMP][WPS][ESS]
MyCharterWiFia0-2G,6c:b0:ce:b0:82:a0,[WPA2-PSK-CCMP][WPS][ESS]
MyCharterWiFib0-5G,c4:04:15:0e:c0:af,[WPA2-PSK-CCMP][WPS][ESS]
MyCharterWiFi65-5G,c4:04:15:0e:c0:64,[WPA2-PSK-CCMP][WPS][ESS]
HP-Print-27-Officejet 4630,8c:dc:d4:66:3e:27,[WPA2-PSK-CCMP][ESS]
2WIRE304,60:c3:97:17:f9:39,[WPA-PSK-CCMP+TKIP][WPA2-PSK-CCMP+TKIP][ESS]
TheButterNetwork,84:1b:5e:db:ed:06,[WPA2-PSK-CCMP][WPS][ESS]
Yung Trap House,8c:7f:3b:3a:fe:40,[WEP][ESS]
HTC One,50:2e:5c:d3:8e:ca,[WPA2-PSK-CCMP][ESS]
2WIRE722,ac:5d:10:86:2b:e1,[WPA-PSK-CCMP+TKIP][WPA2-PSK-CCMP+TKIP][ESS]
GHOSTFACE,00:1c:10:c9:62:f8,[WPA2-PSK-CCMP][ESS]
ERIKA-HP_Network,78:24:af:30:a5:54,[WPA2-PSK-CCMP][WPS][ESS]
ken.mobile.droid.g5.hotspot,fc:c2:de:a4:b8:39,[WPA2-PSK-CCMP][ESS]
TP-LINK_D87AC0,e8:de:27:d8:7a:c0,[WPA2-PSK-CCMP][WPS][ESS]
RTA31389,00:30:44:09:92:5c,[WPS][ESS]
TheSubStation,08:bd:43:cf:25:90,[WPA2-PSK-CCMP][ESS]
DIRECT-26E48637,ae:18:26:e4:06:37,[WPA2-PSK-CCMP][WPS][ESS][P2P]
PS4-77AFD88ABCD0,b0:05:94:91:55:4f,[WPA2-PSK-CCMP][ESS]
welovefood network,48:f8:b3:ab:a5:c9,[WPA2-PSK-CCMP][WPS][ESS]
NETGEAR82,10:0d:7f:63:3f:7a,[WPA2-PSK-CCMP][WPS][ESS]
sm4sh,b4:75:0e:9e:c4:f8,[WPA-PSK-TKIP][WPA2-PSK-TKIP][ESS]
Sonne,c4:04:15:14:8f:a4,[WPA2-PSK-CCMP][WPS][ESS]
belkin.064,94:10:3e:54:d0:64,[WPA2-PSK-CCMP][ESS]
TRENDnet810_2.4GHz_SDK4,d8:eb:97:24:59:fa,[WPA-PSK-CCMP+TKIP][WPA2-PSK-CCMP+TKIP][WPS][ESS]
2WIRE127,00:24:56:e5:5b:a9,[WPA-PSK-CCMP+TKIP][WPA2-PSK-CCMP+TKIP][ESS]
jacob,e8:fc:af:86:d3:c8,[WPA2-PSK-CCMP][WPS][ESS]
DDW361215,2c:b0:5d:e8:72:6f,[WPA-PSK-CCMP+TKIP][WPA2-PSK-CCMP+TKIP][WPS][ESS]
2WIRE814,00:23:51:97:7a:49,[WPA-PSK-CCMP+TKIP][WPA2-PSK-CCMP+TKIP][ESS]
NETGEAR30,28:c6:8e:20:a2:d3,[WPA2-PSK-CCMP][WPS][ESS]
2WIRE586,74:9d:dc:4d:db:41,[WPA-PSK-CCMP+TKIP][WPA2-PSK-CCMP+TKIP][ESS]
inmotion_F0271,00:80:48:4a:af:40,[WPA-PSK-TKIP][WPA2-PSK-TKIP][ESS]
NETGEAR78-5G,04:a1:51:ab:78:87,[WPA2-PSK-CCMP][WPS][ESS]
Subspace,f8:35:dd:05:60:09,[WPA2-PSK-CCMP][WPS][ESS]
DAViDATiOUS!,74:d0:2b:e7:e7:7c,[WPA2-PSK-CCMP][WPS][ESS]
CHEESEBURGER,28:cf:da:b8:8c:c3,[WPA2-PSK-CCMP][ESS]
ATT9529,74:44:01:2d:88:37,[WPA2-PSK-CCMP][ESS]
dental,14:d6:4d:26:8f:56,[WPS][WEP][ESS]
TheDaVinciCode,64:66:b3:c6:85:c8,[WPA2-PSK-CCMP][WPS][ESS]
SONY-VAIO_Network,74:44:01:40:e8:7e,[WPA-PSK-CCMP+TKIP][WPA2-PSK-CCMP+TKIP][WPS][ESS]
Sterling1211,58:6d:8f:43:5e:18,[WPA-PSK-CCMP+TKIP][WPA2-PSK-CCMP+TKIP][WPS][ESS]
Sterling1211-guest,58:6d:8f:43:5e:19,[ESS]
belkin.269,ec:1a:59:ae:e2:69,[WPA2-PSK-CCMP][WPS][ESS]
NachoNation,b8:e8:56:1c:3c:54,[WPA2-PSK-CCMP][ESS]
2WIRE192,64:0f:28:9c:96:a1,[WPA-PSK-CCMP+TKIP][WPA2-PSK-CCMP+TKIP][ESS]
tissue,c8:b3:73:48:fb:33,[WPA-PSK-CCMP+TKIP][WPA2-PSK-CCMP+TKIP][WPS][ESS]
NETGEAR65-5G,6c:b0:ce:33:16:89,[WPA2-PSK-CCMP][WPS][ESS]
Linksys,b4:75:0e:a3:ca:7c,[WPA-PSK-CCMP+TKIP][WPA2-PSK-CCMP+TKIP][WPS][ESS]
tissue-guest,c8:b3:73:48:fb:34,[ESS]
Coffeelover,ec:1a:59:94:65:96,[WPA-PSK-CCMP][WPA2-PSK-CCMP][WPS][ESS]
NETGEAR_11ng,10:0d:7f:5d:39:e0,[ESS]
Haus of Alexandria,ac:5d:10:6f:a9:19,[WPA2-PSK-CCMP][ESS]
brownies,c8:b3:73:32:52:03,[WPA-PSK-CCMP+TKIP][WPA2-PSK-CCMP+TKIP][WPS][ESS]
T*ni#36!,04:da:d2:ab:60:01,[WPA-PSK-TKIP][ESS]
Xy34HH32,04:da:d2:ab:60:00,[WPA2-PSK-CCMP][ESS]
winchell's,44:94:fc:a3:55:6b,[WPA2-PSK-CCMP][WPS][ESS]
Sparklean,94:c1:50:bf:35:1a,[WPA-PSK-CCMP+TKIP][WPA2-PSK-CCMP+TKIP][ESS]
Verizon-890L-16E0,84:74:2a:b9:16:e0,[WPA2-PSK-CCMP][WPS][ESS]
DIRECT-roku-238-835535,dc:3a:5e:65:dc:77,[WPA2-PSK-CCMP][WPS][ESS]
Angel Desktop (E),00:25:2a:01:a9:a7,[WPA2-PSK-CCMP][WPS][ESS]
Awkwardfish djsy,00:14:d1:d3:25:90,[WPA2-PSK-CCMP][WPS][ESS]
belkin.88e,08:86:3b:3b:e8:8e,[WPA-PSK-CCMP][WPA2-PSK-CCMP][WPS][ESS]
NETGEAR29,04:a1:51:a2:ed:e4,[WPA2-PSK-CCMP][ESS]
Verizon-MiFi5510L-5E2A,00:15:ff:8c:5e:2a,[WPA2-PSK-CCMP][ESS]
Alice's MacBook Pro,68:a8:6d:3f:ae:fc,[WPA2-PSK-CCMP][ESS]
Thailand,58:6d:8f:ff:74:3e,[WPA-PSK-TKIP][WPA2-PSK-CCMP][WPS][ESS]
HP-Print-B3-Officejet 4630,f0:92:1c:d8:48:b3,[ESS]
Ev,78:24:af:d5:3e:fc,[WPA2-PSK-CCMP][ESS]
MyCharterWiFie0-2G,08:bd:43:bf:4e:e0,[WPA2-PSK-CCMP][ESS]
MotoVAP_M91340SA0NKK,30:60:23:03:ad:51,[WPA2-PSK-CCMP][WPS][ESS]
NETGEAR83,e4:f4:c6:f8:68:f8,[WPA2-PSK-CCMP][WPS][ESS]
netgear9195,20:4e:7f:40:e4:58,[WPA2-PSK-CCMP][WPS][ESS]
MotoVAP_M91331SA0HSX,58:56:e8:40:2f:8d,[WPA2-PSK-CCMP][WPS][ESS]
Faith,28:16:2e:24:a0:81,[WPA-PSK-CCMP+TKIP][WPA2-PSK-CCMP+TKIP][ESS]
MyCharterWiFi53-2G,6c:b0:ce:a3:b1:53,[WPA2-PSK-CCMP][WPS][ESS]
HP8D1C3E,02:23:e3:f1:07:70,[IBSS]
dlink-2487,cc:b2:55:d1:24:87,[WPA-PSK-CCMP+TKIP][WPA2-PSK-CCMP+TKIP][WPS][ESS]
WiFi Hotspot 6812,78:61:7c:82:2a:aa,[WPA2-PSK-CCMP+TKIP][ESS]
airportthru,f6:04:44:d8:23:c2,[IBSS]
WIN-H3RAVS75RQ9-18490,8c:a9:82:6b:6a:57,[WPA2-PSK-CCMP][WPS][ESS]
MiFi4620L Jetpack 66C4 Secure,00:15:ff:1c:66:c4,[WPA2-PSK-CCMP][ESS]
FBI surveillance van 206,c0:c1:c0:29:0c:46,[WPA-PSK-CCMP+TKIP][WPA2-PSK-CCMP+TKIP][WPS][ESS]
Baboy's-guest,48:f8:b3:49:20:c3,[ESS]
Stinky_monkey,68:7f:74:cf:bf:86,[WPA-PSK-CCMP+TKIP][WPA2-PSK-CCMP+TKIP][WPS][ESS]
MyCharterWiFi46-2G,e8:fc:af:9f:f8:46,[WPA2-PSK-CCMP][WPS][ESS]
NETGEAR47,e8:fc:af:85:11:32,[WPA2-PSK-CCMP][WPS][ESS]
HP-Print-7C-Deskjet 2540 series,9c:b6:54:de:37:7c,[WPA2-PSK-CCMP][ESS]
MyCharterWiFi5a-5G,c4:04:15:0e:bf:59,[WPA2-PSK-CCMP][WPS][ESS]
MyCharterWiFidc-5G,6c:b0:ce:a3:b5:db,[WPA2-PSK-CCMP][WPS][ESS]
MyCharterWiFi5a-2G,c4:04:15:0e:bf:5a,[WPA2-PSK-CCMP][WPS][ESS]
HP-Print-45-Photosmart 5520,f0:92:1c:aa:f9:45,[ESS]
2WIRE397,60:c3:97:61:bd:59,[WPA-PSK-CCMP+TKIP][WPA2-PSK-CCMP+TKIP][ESS]
Mindstorm,20:aa:4b:bf:a0:03,[WPA-PSK-CCMP+TKIP][WPA2-PSK-CCMP+TKIP][WPS][ESS]
LDQP8,00:7f:28:48:15:ee,[WPA2-PSK-CCMP][ESS]
NETGEAR98-5G,28:c6:8e:0c:96:5c,[WPA2-PSK-CCMP][WPS][ESS]
Mindstorm-guest,20:aa:4b:bf:a0:05,[ESS]
MyCharterWiFi8f-5G,c4:04:15:a6:f0:91,[WPA2-PSK-CCMP][WPS][ESS]
Cisco_33E3F031,18:59:33:e3:f0:32,[WPA2-PSK-CCMP][WPS][ESS]
NETGEAR42-5G,20:e5:2a:22:4a:99,[WPA2-PSK-CCMP][WPS][ESS]
2WIRE952,34:ef:44:c3:d3:59,[WPA-PSK-CCMP+TKIP][WPA2-PSK-CCMP+TKIP][ESS]
belkin.ae4,ec:1a:59:0b:8a:e4,[WPA2-PSK-CCMP][WPS][ESS]
belkin.55d.media,b4:75:0e:24:75:5f,[WPA2-PSK-CCMP][WPS][ESS]
2WIRE847,64:0f:28:9f:56:69,[WPA-PSK-CCMP+TKIP][WPA2-PSK-CCMP+TKIP][ESS]
KandyceandKelly,00:21:29:ca:03:14,[WPA-PSK-CCMP+TKIP][WPA2-PSK-CCMP+TKIP][WPS][ESS]
2WIRE911,ac:5d:10:88:27:31,[WPA-PSK-CCMP+TKIP][WPA2-PSK-CCMP+TKIP][ESS]
MyCharterWiFic4-2G,6c:b0:ce:a2:d5:c4,[WPA2-PSK-CCMP][WPS][ESS]
vCore-8001764,00:0e:8e:3f:08:46,[WPA2-PSK-TKIP][ESS]
IAR-24,9c:d3:6d:bb:9a:33,[WPA2-PSK-CCMP][WPS][ESS]
RaunchyBiscuits,74:9d:dc:46:05:29,[WPA-PSK-CCMP+TKIP][WPA2-PSK-CCMP+TKIP][ESS]
Mobasher_Network,00:25:bc:8b:48:9e,[WPA-PSK-TKIP][WPA2-PSK-CCMP+TKIP][ESS]
MIPLAB,40:16:7e:2d:e8:b8,[WPA2-PSK-CCMP][WPS][ESS]
statgen Wi-Fi Network,b8:c7:5d:08:6c:11,[WPA2-PSK-CCMP][ESS]
HPJ610a.FEB666,02:2b:bb:5c:2f:5c,[IBSS]
HPJ610a.400EA9,02:21:b1:2b:27:2b,[IBSS]
Jenerette,c8:b3:73:0f:43:a7,[WPA-PSK-CCMP+TKIP][WPA2-PSK-CCMP+TKIP][WPS][ESS]
Anupama's Network,90:72:40:21:36:44,[WPA2-PSK-CCMP][ESS]
A9F1BDF1DAB1NVT4F4F59,1e:4f:b2:d2:b1:bc,[WEP][IBSS]
HP-Print-69-Photosmart 6520,9c:b6:54:64:7f:69,[WPA2-PSK-CCMP][ESS]
HP-Print-95-Officejet Pro X576dw,a4:5d:36:d5:ac:95,[ESS]
belkin.2b8.media,ec:1a:59:97:82:ba,[WPA2-PSK-CCMP][WPS][ESS]
Veronica's MacBook Pro,a8:bb:cf:00:ea:22,[ESS]
NETGEAR83-5G,6c:b0:ce:44:0f:01,[WPA2-PSK-CCMP][WPS][ESS]
DIRECT-roku-770544,b8:3e:59:e3:d3:79,[WPA2-PSK-CCMP][WPS][ESS]
TurtleDuck,c8:d7:19:e3:47:c1,[WPA-PSK-CCMP+TKIP][WPA2-PSK-CCMP+TKIP][WPS][ESS]
BrianaaBananaaa,10:a5:d0:50:08:d4,[WPA2-PSK-CCMP][ESS]
2WIRE807,98:2c:be:ff:63:a1,[WPA-PSK-CCMP+TKIP][WPA2-PSK-CCMP+TKIP][ESS]
HJ-Guest,92:c6:0a:12:40:70,[WPA-PSK-TKIP][WPA2-PSK-CCMP+TKIP][ESS]
theprettykitty,e0:46:9a:6f:34:65,[WPA2-PSK-CCMP][WPS][ESS]
Hairajuku,90:72:40:12:0a:c7,[WPA2-PSK-CCMP][ESS]
XWF76,00:26:62:e0:2e:7c,[WEP][ESS]
W0B05,00:26:62:80:5c:d5,[WEP][ESS]
LeonsWIFI,18:1b:eb:27:ee:80,[WPA2-PSK-CCMP][ESS]
NETGEAR84,04:a1:51:a7:33:57,[WPA2-PSK-CCMP][ESS]
ZYQK3,00:26:62:5b:a8:90,[WEP][ESS]
NERDlink_5.0,84:1b:5e:eb:59:f0,[WPA2-PSK-CCMP][WPS][ESS]
NERDlink_2.4,84:1b:5e:eb:59:f1,[WPA2-PSK-CCMP][WPS][ESS]
NERDlink_TAP,08:bd:43:ad:e4:5e,[WPA2-PSK-CCMP][WPS][ESS]
inventory,9c:1c:12:56:f8:a0,[WPA2-PSK-CCMP][ESS]
NERDlink_2.4_ext_1,28:10:7b:22:17:b2,[WPA-PSK-CCMP+TKIP][WPA2-PSK-CCMP+TKIP][ESS]
NERD_VoIP,00:1d:7e:21:49:9d,[WEP][ESS]
Victoria Gardens WI-FI,00:18:0a:51:36:9f,[ESS]
T Home Network,92:b0:b3:12:40:71,[WPA-PSK-TKIP][WPA2-PSK-CCMP+TKIP][ESS]
MTA NET,90:72:40:12:b3:b0,[WPA2-PSK-CCMP][ESS]
Kings Fish House,00:17:c5:03:2c:f6,[ESS]
YYCW5,18:1b:eb:29:ce:ee,[WPA2-PSK-CCMP][ESS]
On Cue Wifi,6c:70:9f:df:b1:8c,[WPA2-PSK-CCMP][ESS]
Hops,00:3a:9a:b9:fd:51,[WPA2-EAP-CCMP][ESS]
DRI_vista,00:3a:9a:b9:fd:50,[WPA2-EAP-CCMP][ESS]
OAR18,00:03:52:de:11:10,[WPA-PSK-TKIP][ESS]
forestcity,00:11:5c:03:3a:41,[WPA-EAP-TKIP][WPA2-EAP-CCMP][ESS]
belkin.bb2,08:86:3b:37:ab:b2,[WPA-PSK-CCMP][WPA2-PSK-CCMP][WPS][ESS]
HP-Print-EB-Officejet Pro 8600,9c:b6:54:55:b3:eb,[WPA2-PSK-CCMP][ESS]
linksy,00:25:9c:ce:0a:2d,[WPA-PSK-TKIP][WPS][ESS]
FreedomPop_e840,20:10:7a:df:4e:a0,[WPA2-PSK-CCMP][ESS]
YHGuest,00:3a:9a:bb:6b:93,[ESS]
VictoriaGardens,00:11:5c:03:3a:40,[ESS]
Google Starbucks,24:de:c6:64:9b:a8,[ESS]
VGCA-DW2,00:30:44:19:49:e4,[WPA-PSK-CCMP][WPA2-PSK-CCMP][WPS][ESS]
Photo Kiosk WiFi,c4:6e:1f:8c:49:96,[WPA2-PSK-CCMP][WPS][ESS]
Verizon-MiFi5510L-2F23,00:15:ff:8d:2f:23,[WPA2-PSK-CCMP][ESS]
Horizon_Solar,78:cd:8e:05:7c:88,[WPA2-PSK-CCMP][ESS]
2755000,00:1a:1e:e3:72:6b,[WPA2-EAP-CCMP][ESS]
2755010,00:1a:1e:e3:72:69,[WPA2-EAP-CCMP][ESS]
SANTA_HOUSE,9c:ad:97:51:9b:7d,[WPA2-PSK-CCMP][ESS]
2755002,00:1a:1e:e3:72:6a,[WPA2-EAP-CCMP][ESS]
CPK,00:1a:1e:e3:72:68,[ESS]
ANRIAP,e0:91:f5:f4:9f:2b,[WPA2-PSK-CCMP][WPS][ESS]
JECSI_Int,b0:fa:eb:fe:9f:6f,[WPA2-EAP-CCMP-preauth][ESS]
ANRIAP5G,e0:91:f5:f4:9f:2a,[WPA2-PSK-CCMP][WPS][ESS]
BENANDJERRYS,00:26:f2:bc:ec:70,[WPA-PSK-CCMP+TKIP][WPA2-PSK-CCMP+TKIP][ESS]
TKRancho,ac:22:0b:91:71:1c,[WPA2-PSK-CCMP][ESS]
1809u,00:a0:f8:d5:a0:6d,[WPA-EAP-TKIP][WPA2-EAP-CCMP+TKIP][ESS]
Victoria Gardens WI-FI-scanning,00:18:0a:51:34:f8,[ESS]
Urban Guest WiFi,00:a0:f8:d5:a0:6e,[ESS]
